"","X1992","X1993","X1994","X1995","X1996","X1997","X1998","X1999","X2000","X2001","X2002","X2003","X2004","X2005","X2006","X2007","X2008","X2009","X2010","X2011","X2012","X2013","X2014","X2015","X2016","X2017"
"1",0.183514249421413,0.153745740531104,0.152143310666747,0.136116442271194,0.0715725546449149,0.0687065608955806,0.107833112254303,0.11060275140429,0.150415247817046,0.138631965092703,0.140921764954751,0.144365945295849,0.146877031026234,0.142047746234227,0.132592624706338,0.139735380581046,0.135909479025549,0.151571479652049,0.171872871333677,0.172249838076264,0.170217635677603,0.166880026523716,0.148094975644905,0.160556611349293,0.15862398731098,0.155725793849838
"2",0.0459949929809274,0.0386630515663256,0.0639390274802433,0.0499002750850751,0.0356221463805156,0.0522510518009401,0.057649028331438,0.0596787475430335,0.0577064185820813,0.0610019610440563,0.059309442726497,0.0591686498896178,0.0343068879377709,0.0377220524660481,0.0375005153228242,0.0570927518557646,0.0595601162233593,0.0339048824925018,0.0391190762388093,0.0586180607866299,0.0424535153934143,0.0422137189086932,0.0342931281376229,0.0350129917038582,0.0403228723049116,0.0604697019960746
"3",0.10173351431125,0.0769834570862243,0.10122535987067,0.12815371908737,0.131667437292917,0.0847894770005604,0.0860187673744966,0.0836177320063179,0.0612055195949615,0.0802651809662431,0.0720608736579652,0.0703534518642864,0.0688843426448833,0.0711990801376856,0.0748879560735408,0.0713186713280009,0.0855112771107449,0.100741479349854,0.103477895262761,0.10183824005871,0.13146399333057,0.131749834414854,0.131810439488913,0.129719366970591,0.132232548203176,0.127258417444061
"4",0.0888460024877987,0.0743275308855983,0.0573973101418618,0.0586589333960874,0.0612441920348402,0.0563434398753698,0.055725376866933,0.0538573680626193,0.0556521072766389,0.0632711812068429,0.0701454014156486,0.0704013702182015,0.0665490313969884,0.107691476022231,0.108869291935964,0.116129558296081,0.115525773672878,0.0903683504646672,0.0795427060625441,0.078323427117372,0.071426984941015,0.0703833723638814,0.0777255677780719,0.0757957496820269,0.0794983563858155,0.0816051579281611
"5",0.00361656098106873,0.00504718073370913,0.00485560706173625,0.00477237655842456,0.0033934529126817,0.00312914524155121,0.00303595105160117,0.00352945447048108,0.00677535594155111,0.00675092086127953,0.00675793654673102,0.00680881362614207,0.00677688329189283,0.00384090815771478,0.00654913445977551,0.0066718098224553,0.00688601346205961,0.00704616219376762,0.00698476881174921,0.00705499555348164,0.00693220691597822,0.00656975748857488,0.00658582628523857,0.00671819645916202,0.00670547620644529,0.00664246035944293
"6",NA,NA,NA,NA,0.00359108122102406,0.00341298146566083,0.00270640593456069,0.00273331006073077,0.00351736361432992,0.00311220255883511,0.00321974720726911,0.00314136328162883,0.00316442485588538,0.00323082428295509,0.0032412631052596,0.00328997947639916,0.00333692021170202,0.00382585595669271,0.00314937424156538,0.0031400677014877,0.00307199446258618,0.00347710525856691,0.00335371325822986,0.00382228027768098,0.0034601763049434,0.00318533882522018
"7",NA,NA,NA,NA,NA,NA,NA,NA,NA,NA,NA,NA,NA,NA,NA,NA,NA,NA,NA,NA,0.0937907416542451,0.114465785493386,0.147461782926104,0.112601495893838,0.119358716792165,0.0783118353353128
"8",0.0604662795822306,0.0606311989352296,0.0613276546218165,0.061358645009675,0.061471871798275,0.0615312548938379,0.0611492040433309,0.0621985848447614,0.0603142119073167,0.0614421456836221,0.0642342155279608,0.058210875688296,0.0712631816701659,0.0627316245106439,0.0603323363363772,0.0698213409063237,0.0634394602812411,0.0633717950212162,0.0611601288551605,0.0607059776272705,0.0705412411677302,0.0613620698083422,0.0734218478413246,0.0690818617765569,0.0775885614255866,0.0685111147034267
"9",NA,NA,NA,NA,0.0656248233320171,0.0749444299035544,0.0641398410140692,0.0659142371473848,0.145709965707058,0.109453165703154,0.135531909215707,0.140773285987232,0.161241682304028,0.0971583202782546,0.0979960427941108,0.0960014348470385,0.0747125895771496,0.0764618973742756,0.0851181691810724,0.0768797611947256,0.0960011974032482,0.0892698738173924,0.0854406238127972,0.0857127443040354,0.081239961594824,0.0855761990128053
"10",0.0460827913178242,0.0472134344563992,0.048293005769197,0.0484943753376902,0.0491194773064983,0.0355239118861288,0.0380043971740392,0.0474568476259692,0.0453385058036057,0.0578766661797791,0.0335910771335705,0.0335362815209734,0.0330837201213682,0.0408988302355249,0.0378133979504779,0.0376073624327681,0.0507994088343076,0.0485852332502294,0.0490141735542769,0.0496641095617598,0.0480057094541947,0.0493566469081066,0.0520593980218176,0.049859713131044,0.0510162558368626,0.0504508601322098
"11",0.136581871978849,0.127729662487433,0.127647784165724,0.059134668470969,0.0613289585664609,0.0902041163710176,0.108295875368044,0.103773744506937,0.135696800441517,0.142308631046943,0.13871111641154,0.136337070864275,0.126538468238906,0.132818234689323,0.127433265867254,0.0922779481444006,0.108206477613141,0.150390388907127,0.150555910567829,0.149391080187544,0.152022687604936,0.152082137938376,0.149097222525206,0.149712224950073,0.148753717848722,0.148443521892989
"12",0.0628823153559851,0.0393739264440072,0.046483503397483,0.0454051617163697,0.05879785732218,0.0642827542755744,0.0620305960574608,0.0605303977467359,0.0612585275081981,0.0633805476512946,0.0605695785856117,0.0680930739260368,0.0689670603509254,0.0657333691397711,0.065408992829245,0.123917454966657,0.123917454966657,0.0654127898323452,0.0669420178234625,0.0691912857356085,0.0645016775497264,0.0688309400953869,0.0690685032974149,0.0648871184182221,0.0654897006347438,0.066299835528941
"13",NA,NA,NA,NA,NA,NA,NA,NA,0.0651737113169235,0.0499071108143325,0.0462706834236443,0.0413955869028177,0.0599293983537291,0.0612591822848768,0.0640747067148881,0.0630486913190095,0.113072972163479,0.138130093041357,0.149593806241164,0.149154798998217,0.145979143252764,0.132890993816742,0.130282213214003,0.117818152729931,0.131000779176058,0.139226188264103
"14",0.00339727103059415,0.00323319670702789,0.00317835278793952,0.00321957683847267,0.00324454337250645,0.00324464393845901,0.0032549488744464,0.00327309680681838,0.00334638083548192,0.0033199990705827,0.00331025967655029,0.00328588800015463,0.00334549517682643,0.00326662189617442,0.00337040124891726,0.00325108995574556,0.00335988474790012,0.00327008344047361,0.0032169864282122,0.00324885633577351,0.00325264654801406,0.00327535915222541,0.00330785943721464,0.00327921093101784,0.00323562006326228,0.00324318475587943
"15",0.0304332324462691,0.0293095752238936,0.0332954887516108,0.0322996498702616,0.0387422629856108,0.0310608507811976,0.0303724892503285,0.0312471316639687,0.031280864576637,0.0283396413067024,0.0299836624504233,0.0282704165072234,0.0436869241665243,0.0461008531410287,0.0337992066011324,0.034512998645002,0.0364804244358804,0.0326954934207668,0.0305232843347973,0.0403646175385849,0.0308359518105138,0.0282791110161527,0.0313401043436664,0.0468248918593284,0.0475534065622382,0.0479123134592519
"16",0.0609406654907104,0.0609017255883272,0.0616102051715888,0.0610524881828173,0.0605725037852427,0.0606330455226985,0.0594303919796318,0.0662372657091364,0.0699292009757465,0.093027571703257,0.0923885163045335,0.0883546772633674,0.089578930508089,0.0876712726097106,0.0700919279235891,0.0697212015435596,0.0676033823821855,0.0653421560856613,0.0684564902057936,0.0684981080933985,0.0776660960324267,0.0735815076173953,0.0761009271096659,0.0671998010223297,0.0659635443333508,0.0636296526371925
"17",NA,NA,NA,0.0306611353360693,0.0286945302676853,0.027113762651399,0.028584871238526,0.0424921678842949,0.0902329777199853,0.122919479436079,0.12333949876481,0.12333949876481,0.131281704125266,0.154886244094059,0.157811624013184,0.132433713552048,0.132906174775473,0.123544145711986,0.114731645557245,0.13722738633977,0.142340531374139,0.13829825576096,0.142461531990508,0.14390334099301,0.134293908510719,0.123882457785631
"18",NA,NA,NA,NA,NA,NA,0.0545118467330522,0.0223476419251745,0.0657573734717183,0.0638990015714688,0.0650065179731391,0.0670541592245721,0.0719527579806591,NA,NA,0.122158558391978,0.129989278738594,0.126566912907229,0.10657359177765,0.107138864700915,0.101543105121898,0.0987427134755492,0.0937238969538762,0.0933291771133611,0.0927818580639614,0.0809389278206337
"19",NA,0.0131406806116563,0.00950320490097534,0.0102705520263366,0.00851065377516468,0.019525911007334,0.013440636777704,0.0150565289652423,0.0164261509556844,0.0192843526452821,0.0177766520438989,0.0179048940073598,0.0149837249861779,0.019191154058736,0.0186112920025095,0.0155802372066204,0.0175528320400738,0.0190636737766356,0.0186562518901071,0.0193682608025172,0.0196337926279605,0.0208238592679649,0.0186236077545588,0.0192750217914096,0.0192116378757749,0.0184965027472488
"20",0.0406141369471367,0.0328663868235434,0.0364532672599004,0.0329921696364013,0.032810729733601,0.0337593963647346,0.0334403332986904,0.0346555398916411,0.0341820702395324,0.0342178405468929,0.0323559015148958,0.0339954696756972,0.0338227382299062,0.0607275787965721,0.060560383457062,0.061102401373385,0.0560935570376526,0.0570751254255088,0.0355805191521412,0.0361082573209596,0.033614690352059,0.0508042429449073,0.0519174655549045,0.0558004029656528,0.0617252126261396,0.0617134520767308
"21",0.00517259077805835,0.00527553459114788,0.00526683293999324,0.00510397531656546,0.00355622795283589,0.00323857629587698,0.00332721407263377,0.00331441512758747,0.00377634462839533,0.00383033445923778,0.00380672636434657,0.00500487168806781,0.00380505902822704,0.00443815621576342,0.00476788770965897,0.00521111823687439,0.00533503254544831,0.00509934536375304,0.00530739544938168,0.00528207023801852,0.00414041360766636,0.00499466793892008,0.00494188853390371,0.00489798427865074,0.004888172215033,0.00489549572893366
"22",NA,NA,NA,NA,NA,NA,NA,NA,NA,NA,NA,NA,NA,0.10469716327269,0.10466408778719,0.0903548902144609,0.137049276084938,0.127086985502221,0.116790172184949,0.120616810009728,0.122614591311952,0.134140044486397,0.132963808184239,0.139542261316635,0.13474148008389,0.128127661781001
"23",0.0599168915192173,0.0639764928434377,0.0626576503128106,0.0627466746561254,0.0610092511633302,0.0614298037994286,0.0613555258178832,0.0615655082212128,0.0831441397234065,0.0827584960870998,0.0806916862415876,0.0826943381031748,0.0803519769673768,0.0769328287673684,0.0774745447228543,0.0853324252241035,0.0848701502301428,0.0767471111297146,0.0763785481145217,0.0812038009824298,0.106246141784959,0.125560125573976,0.106338511734016,0.104382947718612,0.0999623828382624,0.094280422717805
"24",0.0550617096393673,0.058099079547486,0.0552002209185559,0.0576902868824449,0.0578629808076211,0.0582990836489178,0.0565070964119906,0.0645163811606473,0.110073569602352,0.109580231552,0.109288227931293,0.109044208985516,0.106621471785095,0.0720546023562035,0.0651330784108297,0.0786756957938564,0.0758808705495143,0.0809474931217195,0.0739703528123791,0.0725239655756379,0.0825587128932721,0.0945363539566473,0.0894199928340389,0.0948349372147422,0.0951585337611548,0.110466972323451
"25",0.00412452044869565,0.00301885944371181,0.00347503088178061,0.00350300547176871,0.0036794990491533,0.00331205241815629,0.00304039654689943,0.00363378927064488,0.00503922092465528,0.00532723564605439,0.00503521000895991,0.00430273567216892,0.00538491402305492,0.00577490614702953,0.00424066403808489,0.00345176013092926,0.00335520413465559,0.00576635940958102,0.00561773425365437,0.00468828663530621,0.0068509400413601,0.00412841935574728,0.00434961452534739,0.00448697067563433,0.00416262485730063,0.00403414992224125
"26",0.100336836274506,0.10127784766054,0.0739560678448147,0.065017769736616,0.0650282117869714,0.0633071374793106,0.0631287602746209,0.0973863474339545,0.124977438216427,0.124869092328792,0.12669925907977,0.126131546155951,0.126560721761566,0.124761576769503,0.0988900184798536,0.120383666747863,0.123926370077233,0.0878190027380226,0.121419977146557,0.092144061001882,0.0960490063580483,0.113028047032929,0.103934443944534,0.103609001662336,0.116968378484968,0.10021540228652
"27",0.00337586081031731,0.00288327934448579,0.00302086382174753,0.00319707794163963,0.00336018751606819,0.00345310378281745,0.00320570112258202,0.00321167612136811,0.00310098234717005,0.00299220764549635,0.00336574751566843,0.00324320219101345,0.00316160268714074,0.00313930621972247,0.00300051593440638,0.00294028249512766,0.00300353009385149,0.00304191733922821,0.00306421419549711,0.00311378141433829,0.00320510145678111,0.00300297834396861,0.00305094809541183,0.00305637188284424,0.00297027793088421,0.00300375295314456
"28",0.0639794846936386,0.0640366084440888,0.063964034223189,0.0628065653805618,0.0627553081240904,0.0636243506953188,0.0643326171891862,0.0641732703359223,0.0630309650285285,0.0625842800727351,0.0606643372149679,0.0604446422533057,0.0619803895044651,0.061159521084652,0.0623387761444472,0.0602547155724601,0.0629119572227003,0.0624453509154321,0.0615808989348128,0.0618650245257355,0.0609373768822134,0.0677059059852016,0.0679511666881474,0.0686931244884037,0.068466336228746,0.0678373824611986
"29",0.0448841379306091,0.0390631319992787,0.0392215953002567,0.0316382585170025,0.0332026943204916,0.0329466384939684,0.0319012494134418,0.0305923132642672,0.0350890065283127,0.064090706352373,0.0610808184467741,0.0645547539075494,0.0664891122151554,0.0630406451692308,0.0609134898579093,0.0599348510488033,0.0599806270393707,0.061292467516584,0.0391353264498481,0.0393541321730789,0.0389589276488645,0.0329214904816477,0.0342170837666083,0.0444769355948923,0.0441040006352451,0.0447324435650565
"30",0.0400918283749751,0.0414220343574274,0.0413046358271339,0.0454437029948218,0.043537117197426,0.052743977927012,0.0483187205072289,0.0547489164194191,0.0569258884317752,0.0874563806403392,0.0892652989758231,0.066882150134038,0.0597859802494336,0.0590719139700213,0.057713906442661,0.0646651661128936,0.0938128770037977,0.150098691234919,0.14906773476482,0.149242258663474,0.150174779423139,0.147801228697403,0.125848389062311,0.124975354782445,0.12480694834876,0.12593222080309
"31",0.0564636336364098,0.0612315745952111,0.0614875481247811,0.0621118250824331,0.0618668527628847,0.0620621497986645,0.0630209510000222,0.069497711377786,0.0726497164955516,0.0726650495285128,0.0726852635764013,0.0725961979741686,0.0663418650552441,0.063284343031834,0.0623149921598087,0.0630500015988544,0.0638472528351735,0.0638841298762358,0.0659421588939764,0.0743135735658762,0.0762816238271331,0.0767860798707478,0.0746370139825936,0.0875501569225425,0.088025534631987,0.0837560447404386
"32",0.120224959105774,0.131011695990507,0.124897603552371,0.0705172944967809,0.0721500435842208,0.0781854121953824,0.122025310167764,0.0947498198418888,0.120073376052048,0.118765911549464,0.125426545086284,0.13041254725235,0.128942669581626,0.133865961138835,0.151764945754953,0.147691868179463,0.138902523773331,0.141694262760448,0.143513864136387,0.143673783456417,0.136153656891417,0.128054055285979,0.127285378482718,0.127829326014633,0.127860654243868,0.128573596703895
"33",0.0316994737628269,0.0367617634891909,0.0369587375543669,0.0344041644070402,0.0392734199489599,0.0353373579532984,0.0312115265616947,0.0331133316723365,0.0358363257669728,0.033671877899182,0.0326484012323837,0.0309666148276542,0.0319365252103822,0.0335207096557151,0.0429637893877647,0.0432702782043717,0.0394842986325308,0.0330528334991264,0.0328417323500473,0.0390220104269154,0.0400632001718406,0.0416264329484691,0.0387139146383078,0.0308753190884465,0.0293103562847212,0.0311718478304839
"34",0.0486377099066089,0.0577072204309538,0.0598630575308283,0.0659513353174447,0.0683549917570541,0.0682932785332527,0.0628548508145419,0.0636665624271289,0.0643142697851412,0.0619454797236834,0.0622332816227135,0.0628066997850534,0.0612587961710487,0.059615817294286,0.0645768481844194,0.0662666939578905,0.0661605513140065,0.0656851035697345,0.0663666576869588,0.0654097242255643,0.060772464129042,0.0610652701799938,0.0636207384782154,0.0638750024201493,0.0627747013004997,0.0612488224095311
"35",NA,NA,NA,NA,NA,NA,NA,NA,0.0512055650518693,0.0517461663042863,0.0500479921045195,0.0333320143205029,0.0363290548433148,0.0429730085625146,0.0416939566943637,0.041329046332721,0.0411288157561452,0.0411288157561452,0.0405756789695399,0.0397826073616378,0.0558675348059789,0.0558343467124609,0.0558396195250976,0.0559839793922777,0.0567582302506998,0.0420003356965219
"36",0.0813787365958644,0.0618256190705665,0.0602379744487854,0.060448081131369,0.061305247770307,0.0612851193024574,0.0611681447958416,0.0624479896055368,0.0615721265745012,0.0613055587108488,0.0617349229640417,0.0619445030413688,0.0629828369035562,0.0634816117354339,0.0636078821257933,0.0635264931525664,0.0624074184050461,0.0609025635683951,0.0602406468701644,0.0610432992921794,0.0641102468990902,0.0612146242587929,0.0615725198834414,0.0616893257165943,0.0612945162509404,0.0622667073863331
"37",0.110051581729243,0.109955038966457,0.102962560864688,0.114802113470826,0.0750294935320544,0.0654483665005462,0.0612809519107161,0.0629855387254739,0.0981186884280137,0.102912589237609,0.131336445704029,0.108181267553208,0.126560040120159,0.128986730926625,0.134710723914458,0.137383736159835,0.1275389540054,0.117553036295581,0.122001518049931,0.119665353459323,0.123985074875902,0.131776767975061,0.132976058761916,0.132787963909931,0.131220270805032,0.129917323358246
"38",0.107224209983396,0.106750189478435,0.066983656012394,0.101449558246175,0.0674868045963501,0.070337814522986,0.0640225815767474,0.0821790856356116,0.0758737494662491,0.0714346478166594,0.110281542890241,0.101050468028969,0.126430223339205,0.0959264821935857,0.131380297874293,0.131647772641549,0.132215484122142,0.117190251411741,0.126158462849781,0.131110864672753,0.131007057946967,0.132427118969699,0.133127526189261,0.132983698256397,0.130347766871084,0.130165761362698
"39",0.00355337373764295,0.00384505331327431,0.00345676358623674,0.00327614165438842,0.0032499257838153,0.00323903893123593,0.00323615136800379,0.00328111350424557,0.00369464304513279,0.00391233875222106,0.0038185507609954,0.0035012876272603,0.00338305650058639,0.00362603662542953,0.00355993748365409,0.00373029125827574,0.00371965484820055,0.00356166169560266,0.00386398512465809,0.00391098251275571,0.0042527472535147,0.00518031369890035,0.00518094182531351,0.00511277834432893,0.00512852018692694,0.00515622579889652
"40",0.0619516409702908,0.0688715251025724,0.0671519362878355,0.0670342118876205,0.0659229575710409,0.0659799185693943,0.0597482768576652,0.0625984967292666,0.0643208178690082,0.0638890194301752,0.0626507246492839,0.0600003379991456,0.0593210009391392,0.0620491016814362,0.056988580618413,0.058489112039061,0.0587595143535545,0.0617065409504549,0.0642587722532896,0.066596255033347,0.0651642453176915,0.0629577645222635,0.0668771755690876,0.0629074550466424,0.0632368381816107,0.0636560160625025
"41",0.0125137093869198,0.0125137093869198,0.0125137093869198,0.0125137093869198,0.0125137093869198,0.0103506012973238,0.0125137093869198,NA,0.0125137093869198,0.0125137093869198,0.0125137093869198,0.0125137093869198,0.0125137093869198,0.0125137093869198,0.0125137093869198,0.0125137093869198,0.0125137093869198,0.0125137093869198,0.0125137093869198,0.00374948467111354,0.0125137093869198,0.0106596455754724,0.0103506012973238,0.0125137093869198,0.0125137093869198,0.00426992980848147
"42",0.00544355799658125,0.0055811501180604,0.00557506247858945,0.002631940834712,0.00257941350220508,0.00291140072167914,0.003210322761419,0.00321589377467233,0.004804643927429,0.00487684003341226,0.00482112411410299,0.00489197649166657,0.00449382687518483,0.00420437765435857,0.00375477682930042,0.00557862617204242,0.0070026103126156,0.00784952974046441,0.00773910347231665,0.00770350015526393,0.00748901478769663,0.0075886272840858,0.00668336068502693,0.00649193332224295,0.00757044883707555,0.00794356462586938
"43",0.135658763907655,0.133156815141658,0.106119522502262,0.0615289619249684,0.0614937939269887,0.071559136327737,0.072369693418245,0.13536389593539,0.135553416118298,0.134800842880899,0.0961022135874268,0.08755753816262,0.088339736376025,0.0856274787911515,0.087134218002661,0.0896065480742185,0.07667461492994,0.0741924573997591,0.0776051685422586,0.0839207992717276,0.126574481706001,0.125508064601399,0.0852757856083912,0.0899627646347795,0.0889342156609413,0.0986486040545992
"44",0.104591317445932,0.109738174922311,0.0956279708056454,0.107518681230367,0.100457000877653,0.0970543471341612,0.0690736573788013,0.106226042233714,0.105863246915434,0.113899067298832,0.0974788609158422,0.0929788066529618,0.0795350716538821,0.0894416572670359,0.122615471616454,0.110891351918536,0.108164888026872,0.106930445519244,0.0984568695068367,0.102582249487926,0.102753195684305,0.129215417123994,0.129879722454543,0.13334861728327,0.127853760522211,0.124706842316973
"45",0.0435074390299041,0.0427993257673171,0.0371287585987456,0.045518635608737,0.0427403616307804,0.0433556615956142,0.0425809964665563,0.0489209544841708,0.0351176952129413,0.0539077579406135,0.0546859390243919,0.0484514663663941,0.0489148276279319,0.0490509235367408,0.0422158996038898,0.0416252473425993,0.051178770308395,0.0546708935845364,0.0561473593348813,0.04289541374283,0.0424685197427141,0.0397301157219281,0.0392336344279354,0.0364397129181719,0.0483541122392366,0.0479475630980329
"46",0.0510509124716632,0.0499619350327911,0.0408733181702149,0.040608062820869,0.0409414880171223,0.0406117189802016,0.0393173128627645,0.0411851261995134,0.0589720180720916,0.0504486569349307,0.0705111929235887,0.0685012932180993,0.063971908460354,0.0613121473483882,0.0620210029044508,0.043700633422035,0.0380446587678286,0.0356144005429413,0.0520448006827464,0.0679912507727212,0.068832561507385,0.0697688594944329,0.0694992972020197,0.0668164077918683,0.0687910112102578,0.069025386451152
"47",0.00469208733462824,NA,NA,0.00431607409379528,0.00476213368603797,0.00476213368603797,0.00420821854649799,0.0046918302840527,NA,0.000507577228158885,NA,NA,0.00146427088990832,0.00125242990728351,0.00154776137893839,0.00146494843647121,0.00195762168600241,0.00155675378910273,0.00142050145582082,0.00152055888092905,0.00157796827523811,0.000828760317660692,0.00161905329220225,0.00175308546819991,0.00176943494294556,0.00174439671513027
"48",0.00232376713256644,0.00289828277902963,0.00308041944565665,0.00338459777061037,0.00344912388793863,0.00341237276784611,0.00345133515845299,0.00342193448150843,0.00337963643146318,0.00337917409668196,0.00349792871596688,0.0034388063779468,0.00347655849715887,0.00347156597589513,0.00317715409899279,0.00314052647095276,0.00314094635408832,0.0032006580043112,0.00322482417819843,0.00331101472108543,0.00332625592049828,0.00385031541297611,0.00321997161816972,0.00328418222670301,0.00325971472634929,0.00325730961426529
"49",0.00675615706593513,0.00651997344202314,0.00453873012774554,0.00386610326178614,0.00338437970539484,0.00322579908414891,0.00325851934288813,0.00328154691522737,0.0048671128004651,0.00534539836331992,0.00390766662201619,0.00674120339592074,0.00655226413244482,0.00348635785141531,0.00641472607819322,0.00650646975842512,0.00354131796450344,0.00638876129000464,0.00642586143594974,0.00434252932865748,0.00354051435076351,0.00528857199842526,0.00506242751581269,0.00329030878558146,0.00314229325447431,0.00384462645789355
"50",0.0623151634141331,0.058736938128261,0.0585788842739351,0.0582448470927208,0.0548330936802694,0.0632525055264375,0.0607746969221653,0.0619972325217783,0.0617889320837802,0.062970534321606,0.0616354782016625,0.0628932072010016,0.0629857123291568,0.0645880981387403,0.0575806902877439,0.0590794933692004,0.0593830343841306,0.0608486997001598,0.0675774871298695,0.0703492507815005,0.0709772762996876,0.0691539461208752,0.0692959265181943,0.0777701741222838,0.0781849650190506,0.0632788069728448
"51",0.0755501351112244,0.0865127866916506,0.0848272247688769,0.0699387436018212,0.0701237411151331,0.070780499100157,0.0746879543397827,0.0738836887644016,0.0733157029179631,0.087053880792087,0.0859480205280691,0.0824907335865677,0.0965550927114993,0.0964478767017682,0.0761157282689955,0.101712558531873,0.121061770184998,0.115418146869153,0.118365894186156,0.116376450360257,0.125156455036731,0.125449257396077,0.127190726618221,0.128194462328782,0.133744146444596,0.119118188977811
"52",0.00222479101105488,0.00236751826618215,0.00321248835352622,0.0032548375446193,0.00325309305334707,0.00310933419863942,0.00315555346604198,0.00326664521774999,0.00342902325944376,0.00343179304215915,0.00305254633579894,0.00312670260842886,0.00326046819501678,0.00304282751739451,0.00297683641156058,0.00293469575125878,0.00323989431814238,0.00313612528188001,0.00314375432861772,0.00309003337682247,0.00323575702204094,0.00271724266413922,0.00302013441190516,0.00300427844754517,0.0030975537259587,0.00311792928668431
"53",0.0900130827196423,0.0789829071672352,0.0917307570563019,0.0665313208481848,0.0594992157175373,0.0615812864811947,0.0625557820023999,0.0606522599190334,0.0840736411086735,0.123122401094293,0.0871961743641648,0.0873441112954876,0.0642042572445841,0.0820888995846628,0.0764938556421174,0.0751425653120838,0.0682702603050791,0.0663608175336653,0.0803396980263955,0.0795086091845837,0.0990684163056603,0.106745375744615,0.0983299686175146,0.0976320242058085,0.103313223852892,0.0972801840572033
"54",0.138779389278656,0.139239813972728,0.138948787689585,0.127702752601465,0.0883823029640091,0.14228189309189,0.145707239016146,0.146237019136356,0.145228331537064,0.141324917483886,0.13237972545225,0.145534972330639,0.145355527013588,0.146337313886492,0.146283189126176,0.149586705596379,0.149093590305496,0.151918503077448,0.149028618675747,0.150078950216156,0.147278770759481,0.1524147306564,0.142716393239127,0.153609636657309,0.153972449927594,0.153570720457777
"55",NA,NA,NA,NA,0.0599982381531112,0.0673131672902152,0.0713989625324282,0.0678642328627552,0.140387011486416,0.103902471492781,0.119965726839268,0.124557071088195,0.120729398516263,0.0772632064870118,0.126275809143066,0.131287387969261,0.0750519866190026,0.0749267533274946,0.0790989952927366,0.0870983088747149,0.096769731516837,0.0918287280415939,0.094074988738169,0.0950726011438437,0.0904857746753076,0.070288339051428
"56",0.0667002642096374,0.0640521170073189,0.0645950332443603,0.0637629482568339,0.06313727184961,0.0632021817366193,0.0625565558431104,0.065210006632854,0.0631867098187856,0.0681880104691692,0.0674498984015718,0.0665503406810449,0.064430967646516,0.0623969636295384,0.0617791273082504,0.0621661116582249,0.0635177385340275,0.0611157571237387,0.0627384878657077,0.0630734277513681,0.0643048403123072,0.0630701653602243,0.0627145369465132,0.0613594602461565,0.061047541491249,0.0605290651293517
"57",0.0032734528810402,0.00311107045093729,0.00327789240988223,0.00334998738166236,0.00338428962442596,0.00328620565203672,0.00329498928684481,0.00291370016046656,0.00321483417111887,0.00315019443731314,0.00328214314799773,0.00324975436525624,0.00325697627756421,0.00322643643577165,0.00324863797165842,0.00332021006957272,0.00329362288577036,0.00310487801745267,0.00325586983801105,0.00326747057719406,0.00330041538251932,0.00366378684801327,0.00368931176782611,0.00368995750834931,0.00377344690413724,0.00340340494923819
"58",0.00318930871906396,0.00326971218133031,0.0032796821867563,0.00328188749452277,0.00332298479250462,0.00324098860579591,0.0032065948287606,0.00323785115945816,0.00324919664110131,0.00326088751617118,0.00338603044243794,0.00324178416986623,0.00327042875582718,0.00409514861440301,0.00337215370346343,0.00328069546129337,0.00327920381723719,0.00329842994334491,0.00328807357917144,0.00328256932427448,0.00369198504096134,0.00368376133198736,0.00321211719804357,0.00324559096320717,0.00324303361437581,0.00324870943607617
"59",0.0617162628124981,0.0639951457940763,0.063673611349441,0.0643667993144363,0.0614653159996468,0.0605979047543967,0.0623402882292204,0.0619889284558249,0.0651165454850353,0.0657911708321247,0.0646827581037052,0.0650403544545103,0.0618640561440282,0.0632307527889724,0.0628974712746399,0.0639553973710516,0.0601878758223754,0.0597217041829547,0.0629925344693503,0.0651732776999463,0.0643262322813225,0.0634106246064342,0.0631943771965426,0.0628715874545396,0.0617898236926141,0.0628235795775378
"60",0.0936590152503426,0.0631947997900197,0.0761395138875454,0.0867905434619968,0.0619243592341878,0.0615002501263605,0.0602483637156653,0.0609057032962828,0.0611388880892976,0.0615470748977059,0.0612071475224607,0.0612663348557636,0.0562590713323304,0.0567395648445616,0.0575420844767363,0.0599604433539306,0.0595978751154209,0.054013841107221,0.0533655408457976,0.0530490232316897,0.0456204133669736,0.0466496002099039,0.0536650126791459,0.0563500905134197,0.053480349414185,0.0535856367804362
"61",0.107128606774793,0.10512489227209,0.109952138040463,0.100693660878632,0.0854508949244352,0.0745931741866551,0.0714317138171134,0.0879774570800951,0.100209928681448,0.119210702602881,0.119152409409421,0.106336386449393,0.0973093950319808,0.0900296076576287,0.0884971590511244,0.124106318647849,0.113332448786625,0.119680566400919,0.120486006952577,0.12141801521306,0.114991560878581,0.134957496403027,0.133159852177227,0.133653086887586,0.133013206072794,0.132290103623346
"62",0.11860922260709,0.114775749990306,0.115615969517519,0.0761033255721527,0.0777488124321393,0.0737139401355809,0.0722727351106505,0.0969587665963665,0.105313676011017,0.100836944335868,0.0952648187004079,0.10266494447515,0.100005886477665,0.0911994360140097,0.100834545113095,0.123162383885503,0.114511766426817,0.113023444925418,0.115626861810257,0.107314231448271,0.107337509607167,0.131258460207398,0.130678031168751,0.131306005825497,0.131502693575351,0.125729825085792
"63",0.00364134678067064,0.00303343483863009,0.0031153358844114,0.0031613679478912,0.00326189674777612,0.00321670575524923,0.0033663249891186,0.00393143516413954,0.00440815546075317,0.00434133693363728,0.00434812396283708,0.00431689868428204,0.00377366076764023,0.00345851350528829,0.00345154640018807,0.00407807183270864,0.00394048845271732,0.00641851735011976,0.00656396307537048,0.00659892391219598,0.00595506292432575,0.00703176786299144,0.00695117249932713,0.00668876535521162,0.00679697362142592,0.00657444158540962
"64",0.0296852130727744,0.0284233952040199,0.0331812412916012,0.0361379135387513,0.0377514893256654,0.0486290450829695,0.0460621966885427,0.0417672279558133,0.0423916663199179,0.0397268465448837,0.0345428321806685,0.0378727883934531,0.0348224810199836,0.0347837927129538,0.0329354168771927,0.0543171421247651,0.054874669237575,0.043279775049749,0.0375296402153464,0.0315088746806393,0.0563985516757789,0.0551602035534018,0.0431310166619077,0.0430007450873613,0.0510097123153198,0.0596649092310147
"65",0.124031840039672,0.114432569024168,0.0977951064169584,0.0615359826473056,0.0589842914233093,0.0626595658200758,0.0703241088315918,0.0701855134040791,0.130070366455238,0.130787708664252,0.128949118025318,0.148239712804119,0.14840770322888,0.110808875354307,0.113132706519398,0.153978266161199,0.152258771411458,0.151529845158455,0.146846006152395,0.1468601668572,0.153265137245847,0.149813869145621,0.146483029189699,0.0933184218150479,0.0876309840688101,0.144512655346022
"66",0.102725220350051,0.105299263463911,0.0978009865997303,0.0634177617980452,0.0696183091236561,0.0768367636250576,0.0735458516594309,0.0647277821790374,0.111304685837729,0.111248655269492,0.11188098315509,0.110942810978778,0.113010802801556,0.110370921694287,0.112869534145954,0.100510887744444,0.113982840016185,0.109554735390279,0.0957671347419257,0.104335748274157,0.124619133187545,0.117461491585187,0.115984217655675,0.117244733155491,0.11672775110431,0.117597504081426
"67",0.114219401533325,0.0620114185639775,0.0622265875770517,0.0973375335480726,0.0643326129387429,0.0640038239663255,0.0643145941215243,0.0628276394442965,0.111972193815573,0.112345359345479,0.130837659904008,0.130288485169718,0.125677649077834,0.0978378402634925,0.0962202203549859,0.0870486308392823,0.0986795461452427,0.135887232807272,0.135815342950635,0.135980919999124,0.135341131498871,0.134851796637255,0.129901876566535,0.131477800230074,0.132103632003526,0.132165237160213
"68",0.0982520086288402,0.0957466329417245,0.0954219482935881,0.0955454190051351,0.0613815000575369,0.0594618351838645,0.0636205761926234,0.0627565945624331,0.0949222604615972,0.112699374613208,0.107782278999923,0.108563944926137,0.124124315709429,0.122821466898471,0.122931475357087,0.124673355116518,0.124760246076966,0.130326495962201,0.130256238299258,0.123870256153281,0.123722243411767,0.12874337286203,0.129761375857239,0.13060969840591,0.12643487886285,0.125965124819321
"69",0.00360782520975358,0.00426029087618879,0.00559005888021972,0.00234706134588304,0.00210887819586238,0.00312093103832697,0.00434465121920461,0.00495146050401081,0.00456927283133466,0.00390330618876993,0.00326535112668979,0.00236535322549819,0.00236366779713023,0.00368929327810449,0.00375613541779118,0.00329532145555288,0.00330387307018452,0.00742742839534614,0.00731158614847186,0.00728648251973993,0.00760725967786186,0.00774031347843233,0.0071123863657538,0.00685133166375876,0.00656117397999636,0.00656132314750323
"70",0.0632390740719238,0.0641217865407205,0.0653856248338818,0.0632921557642663,0.0643059029514261,0.0616486029388441,0.0644875556031586,0.0620065506014635,0.0912020521461765,0.0809590299256405,0.0598347760728695,0.118291239564255,0.0873433477098514,0.12925737631042,0.130048650011725,0.106896648224028,0.110003015093536,0.105832196885185,0.124927384462836,0.127987191062172,0.106178880344934,0.123104907227387,0.106847742121492,0.101055023277465,0.123255275130676,0.0836290589447488
"71",0.0578804267860559,0.0590861721754839,0.0445216954247929,0.0459619464220981,0.0496507609759013,0.0530978971228453,0.0505631687266259,0.0544897414638716,0.0513350166388871,0.051844568609204,0.0518303172046004,0.0515755630696213,0.0517479559052802,0.0549689111056529,0.0589135582566549,0.0602310749790931,0.0594493612454952,0.0582459628927023,0.0618207680800885,0.0599517311594614,0.060454317160838,0.0599444844622422,0.0627637586666012,0.0716081663205176,0.0766238900891409,0.0612504639021916
"72",0.102834404259708,0.106046525721634,0.0719247931030872,0.058539329102087,0.058973913338756,0.0591518961031394,0.0607825316320089,0.0755883751714517,0.101602288231537,0.101236001463925,0.100765873962172,0.10324707947231,0.0899480151458601,0.124868469339172,0.123770677871224,0.124342704264652,0.12099513001418,0.118517618835464,0.115665534570849,0.11679453975577,0.135650753810422,0.137958204924333,0.13864566336404,0.130159008113105,0.131376852723466,0.128195164470597
"73",0.0651104107260222,0.0635946590327492,0.068082306465549,0.0683474603147294,0.067650065684812,0.0606299364242657,0.0595442102796499,0.0594559034699913,0.0607925778103536,0.0620323205401053,0.0635710015821289,0.0639703242922437,0.0659078745375891,0.0616004921609368,0.0647215347503567,0.059950777509436,0.0618818181055487,0.0765350392401337,0.071807242225683,0.0843208964916091,0.0783233562871644,0.0988867014731697,0.0997895915190416,0.0956899321196062,0.0990571140784389,0.103428593074588
"74",0.00324998631457879,0.00328633043913748,0.00325528495244017,0.00319193813889966,0.00317119473908965,0.00321266639310759,0.00318637430213985,0.00326904563397348,0.00516998006935722,0.00495534380622127,0.0056057185231498,0.00516171649603337,0.0051693739668499,0.00493538723942433,0.00371576597798907,0.00404186974760036,0.00349172985391321,0.00372468288623035,0.00362362371124439,0.00355492985188814,0.0035996369202896,0.00532984616433939,0.00519108745915388,0.00541622405215289,0.00540350544996353,0.00523176847868984
"75",NA,0.0102911510766122,0.00889374978498663,0.00822721769729987,0.00427929087619473,0.00449950958219598,0.00415129263221236,0.00682184535373082,0.00714988188351688,0.00670991973459924,0.00639571351481326,0.00624392954342459,0.00630521508749424,0.00547357663926049,0.00581029442511071,0.00580560382658775,0.00400019533479206,0.00419344509172483,0.00459947669810433,0.0045772601461277,0.00500105380703297,0.00703637541936316,0.0069527221507975,0.00669998805483448,0.00674568612546436,0.00668596160373871
"76",0.00271912127507187,0.00275670913137261,0.00244314598108691,0.00239156454829835,0.00247603894071574,0.00236996510754699,0.00226463230255113,0.00166770315285201,0.00161677716749941,0.00201511206672148,0.00217368669207967,0.00226143638980356,0.00165983033768921,0.00165983033768921,0.00159915268003469,0.00159710279389902,0.00163336136577586,0.001666713608218,0.00165657402982161,0.00175050513986956,0.00165519775324831,0.00166561430875543,0.00169409013895088,0.00168941707604998,0.00166297342293564,0.00179533874004851
"77",0.00322623427978973,0.00333534868255145,0.00322319096464973,0.00352597127222872,0.00358599128770037,0.00337548658940337,0.00341280294188934,0.00377088061290831,0.00513256938568789,0.00424644146876991,0.00403825879030696,0.0048547220758874,0.00492442804130505,0.00426202821996236,0.00414306663276762,0.00456409041019194,0.00441956722126281,0.00499565805944588,0.0049623922465016,0.00536816644811521,0.00508392092285398,0.00585148309949429,0.00572113881597768,0.00592519453911165,0.00587873213932763,0.00568084601893439
"78",0.0997842731345764,0.0839470092203831,0.0908885301588428,0.067256187053848,0.0676774439223105,0.0471581197339624,0.0657547600023407,0.0676861345197276,0.121982221315232,0.125142172799776,0.128698333567382,0.128359789817398,0.121926420395082,0.101049913596681,0.113777181695097,0.106840396557744,0.128081807185239,0.0953655418658119,0.0981507792979345,0.119178553983606,0.127895069471589,0.129484962581978,0.120218927334447,0.127023637645397,0.124961631076912,0.1296045213444
"79",0.0634846313775242,0.0639884503721973,0.0640132486402731,0.066899437134456,0.0664604792307037,0.0616684470051031,0.0614460846561502,0.0659285364514288,0.0655192790109498,0.0688047726567476,0.0678802541601929,0.0684529834664258,0.0680610406119793,0.0670146742139569,0.0617686665744326,0.0609520194554994,0.0591483805343344,0.057467101866979,0.0610975794619682,0.0616288760745997,0.0654364252415719,0.0652093009673523,0.0657409222555367,0.0657877523177001,0.0653629886454538,0.0619113970316055
"80",0.060774769676809,0.0599557991788461,0.0611364254968217,0.0618678892169134,0.0609416852476365,0.0622658913123615,0.0606956046636568,0.0589087776093601,0.0591357405795659,0.0640754598364138,0.0626210138043954,0.0649399481841501,0.0646117881230196,0.0705351415639361,0.0599321069461381,0.0665912024436467,0.0654058182036309,0.0656752261557152,0.0718914262338949,0.0758014778559939,0.059536411636453,0.059554988205792,0.0609212708466226,0.0611141838227107,0.0608351890036109,0.0612606581110376
"81",0.0485428274883524,0.0575783328475751,0.058195346754345,0.0585245826313859,0.0583788408455007,0.0584055305617209,0.0588870574429099,0.0590504169285236,0.0596251318098909,0.0379857359780803,0.0601145619316201,0.0604478331149543,0.0602973612068598,0.0610724771417432,0.0579382196728121,0.0368189824308898,0.0572306719604909,0.0356605248629167,0.0410940122519099,0.0423977233238543,0.0538362053253253,0.0505797402109681,0.0507520302235243,0.0457757162190094,0.0578794971542717,0.0596647932670951
"82",0.0607129335725419,0.0607344810471664,0.0459770067571879,0.0595638562714156,0.0582153307345738,0.0601077571437295,0.0606172308784871,0.059118865226764,0.0594564684534397,0.0598223610515288,0.0593799820689417,0.0593262883739346,0.0606670980783221,0.0611742642336599,0.0598330526027886,0.0594167108277102,0.0563949606918119,0.0565411837573727,0.0552255740970157,0.0590256649373388,0.0606791494026742,0.0590589352187284,0.0590220204356678,0.0592905495632347,0.0589347640115443,0.0587602126148416
"83",NA,NA,NA,NA,NA,NA,NA,NA,NA,NA,NA,NA,0.00046221874857636,0.000325809314534817,NA,0.00072893665740222,0.000796669126906635,0.00072893665740222,0.00073564916840252,0.000798412698287329,NA,NA,0.00112026792104541,0.00100895425789853,0.00090617174517428,0.00126258471184098
"84",0.00218068349762646,0.00244242197897864,0.00206765935423349,0.00221132641702069,0.00227431543604279,0.00321604450542399,0.0021081430165084,0.0033440136093215,0.00322823146141411,0.0019241850006135,0.00171627318875493,0.00162659363302769,0.00201043490778217,0.00219873397450475,0.00258786741313839,0.00192248279105794,0.00174934250292974,0.00177466495501973,0.00198728526589912,0.00164256339898155,0.00174151044852648,0.00175271539167225,0.00177962703679944,0.00174833326413429,0.00214602467285251,0.00168072686651375
"85",0.104356006543644,0.107985810150177,0.101186982068413,0.119422990716279,0.0769795018825261,0.0785457562544631,0.149174748447202,0.0795421548769694,0.122744883764787,0.104814324714111,0.111984714176702,0.107993359612058,0.143000867990924,0.141110053555771,0.140287795798412,0.138516447409769,0.14505737340498,0.127087618353527,0.147314450051768,0.147257172836452,0.145602164500592,0.133397677281073,0.131356669812319,0.131430403237491,0.130067439433239,0.12827423968949
"86",NA,NA,NA,NA,NA,NA,NA,NA,NA,NA,NA,NA,NA,NA,0.00237569059962939,0.00242193256654266,0.00237503910345968,0.0023742518155432,0.00286841289418041,0.00289916725649989,0.00440255670372228,0.00328227276211342,NA,NA,NA,0.0030972060753548
"87",NA,NA,NA,NA,NA,NA,NA,NA,NA,NA,NA,0.153805514917346,0.174866238402113,0.175052761619296,0.182562711385823,0.153480418319286,0.153854871969254,0.15256647645264,0.148367240459449,0.150227985095959,0.152879584597715,0.153652187860708,0.153538629809662,0.15831413838387,0.153800752508997,0.153343438256699
"88",0.00649182961435487,0.00647756705726896,0.00606432367976308,0.00566074658153332,0.00461178320574776,0.0045266302029544,0.00507893945387202,0.00553907392883976,0.0050537684957831,0.00468486465017621,0.00469810937653577,0.00460642572186524,0.00712861135385292,0.00764531520969014,0.00709514774858185,0.00628099703109969,0.00593671819582927,0.00649866394142887,0.00674927692669396,0.00656051433582375,0.00660668324671815,0.00713729357505323,0.00701584976774442,0.00697813030453854,0.00706132650845404,0.00706831234501693
"89",0.00378500740700645,0.00386638073253204,0.0037419798409511,0.00378092707190159,0.00369475573845778,0.00341613399317513,0.00338343819266244,0.00395806270964185,0.00505958007910848,0.00526118320984211,0.00488233116786471,0.00475759343364273,0.00642819158084106,0.00647231220594486,0.00501754857773941,0.00647895779278686,0.00663502418987567,0.00680972358224986,0.00651039456112696,0.0057162026108582,0.0056297694240878,0.00684045414040899,0.00641546117212407,0.00696137025148984,0.00695981703905926,0.00611487451055943
"90",0.00310044363240465,0.00318661501632269,0.00326688592594075,0.00322351476813075,0.00327076730411861,0.00336303896533594,0.00327742167706526,0.00334672122615232,0.00337824928438505,0.00347279385670979,0.00372536222362797,0.0035550754230831,0.00335102940096342,0.00411479454864309,0.00366298479720726,0.00354360283302699,0.00392122192091556,0.00336157943794627,0.0033823269961413,0.00304847121354546,0.0049367952883805,0.00497010946511632,0.00490464709374352,0.00470818756928259,0.00496882420498567,0.00329260569904356
"91",NA,NA,NA,NA,NA,NA,NA,NA,NA,NA,NA,NA,NA,0.00132629865590688,0.00155120073101085,0.00393409447545483,0.00418224272563656,0.00369903372740469,0.00414345723839427,0.00422233881758925,0.00446659718966414,0.00430362942606286,0.00428719398565188,0.00490813483414512,0.00420802935071836,0.00191288259532554
"92",0.00323440417932915,0.00331841213902348,0.00321928119907203,0.0052260176995205,0.00505220676491265,0.00480672120033497,0.0053205806016393,0.00419959702921764,0.00525838847219012,0.00518914222157909,0.00519588510512458,0.0054957035471745,0.00575175729411914,0.00543317861943945,0.005511083648899,0.0032228094116486,0.00327414457565392,0.00361749052985145,0.00500543033938678,0.0044583861216316,0.00507462712554452,0.00575912037640012,0.00573473837004635,0.00571258018570943,0.00575095858637684,0.00674862115895191
"93",0.00580924458020809,0.0059650095437843,0.00562343571411185,0.00685730450401741,0.00546746961708754,0.00390788313815341,0.00372137068173259,0.00393270687028993,0.0065118548121786,0.00616006043939492,0.00607095176798816,0.00609516386754572,0.0063211057551773,0.00539786107800116,0.00547722978693114,0.00584764961345151,0.00682710277792055,0.00658299185516208,0.00637261324405358,0.0064383113803037,0.00742809062996341,0.00696197059449068,0.00709234392675954,0.00717269303741398,0.00717982139930853,0.00670040490420715
"94",0.00405539032208498,0.00360946649629938,0.00324853971668493,0.00337026809000916,0.00606806223215561,0.00404074798141362,0.00682142416565017,0.00334679892315886,0.00646733908835502,0.00650352833694495,0.0065147118675207,0.00647280636538539,0.00559337617810276,0.00542825843837045,0.00453166769128046,0.00642268937334026,0.00521051707255649,0.00436456253455603,0.00361090593230079,0.00344976621713649,0.00361917561230711,0.00391013308931664,0.00365482985592389,0.00449434600238658,0.00446885349599991,0.00399304132247718
"95",0.00238423741611336,0.00245178806871912,0.00223264247021214,0.00224399225847263,0.00190512240225081,0.0019541274018649,0.0021266393922014,0.00197098898395416,0.00193695019259,0.00187001450654909,0.0028677941833999,0.001895250678722,0.00194916801159642,0.00189433607117355,0.00179788360494602,0.00226045359307523,0.00203838046848969,0.00216178700952998,0.00221839530145516,0.00204147112047679,0.00228302532651083,0.00232748075604448,0.00209553243050485,0.00234000736708443,0.00247501664209249,0.00219037388400094
"96",NA,NA,NA,NA,0.000385394901481936,0.000475832576741413,NA,NA,0,NA,0.000821997461478347,0.000503281900999933,0.00179132977040371,0.00178926316455472,0.00168631941216942,0.0016844496984085,0.00177074825373436,0.0017908155751977,NA,0.00115426835466746,0.00123749309956942,0.000901251837575783,0.000725590743192152,0.00374136425270098,0.00335144008655548,0.00377574189762109
"97",0.00335424586181553,0.00378982113911163,0.00326184979179234,0.00324166508603973,0.00249266967477661,0.00306419170826043,0.00414384117036565,0.000945260655497248,0.000932978348557196,NA,0.00139079229056491,0.00436274307820234,0.00337746121920058,0.00394224291737886,0.0023438301199921,0.00182358965221546,0.00186541540090046,0.00187548323168409,0.00179225694789799,0.00175516458110564,0.00253220463814057,0.00429934589435447,0.00408905023066548,0.00416016937006869,0.00423481733671665,0.0043636528093661
"98",0.00120828917481154,0.00119383959202758,0.00122507457081522,0.00108706640197418,0.0014146264444127,0.00116362914674828,0.00186729031482854,0.00205432235715333,0.00201948868888697,0.00150009687960935,0.00238075679604802,0.00196729742000611,0.00208060944970613,0.00224516852991875,0.00218707517948729,0.00218171625998955,0.00216318929091313,0.00280987043221535,0.00198963135334539,0.00278276664071803,0.00291194373123296,0.00292213577668527,0.00293580963251666,0.00313668233341092,0.00307877505832066,0.00305959453825006
"99",0.00569558134843557,0.0060563901624447,0.0060334144502281,0.00373402146023381,0.00339033646484791,0.00340650891482275,0.00333286227957394,0.00387909536799679,0.00511281810357823,0.00539737272214486,0.00514363672996002,0.00520635173088284,0.00636083537276579,0.00655262048240403,0.00654942423486109,0.00654945483374531,0.00554164328117268,0.00584418851310089,0.00537165066335034,0.00515987811348994,0.00503630998070793,0.00660238189079641,0.00521039282480014,0.00541145223175678,0.00519111772415003,0.0052218239558014
"100",0.00610610568214024,0.00657101197421663,0.00643112865602585,0.00625950029641388,0.00405008149262991,0.00426823716101094,0.00365000255665008,0.00520921204872389,0.00523089021541176,0.00563067248057672,0.00596373412631479,0.00573187520236772,0.00655318105765501,0.00687423053007485,0.00627592565494764,0.0072092428173441,0.00636633388303937,0.007081270539437,0.00697539297291144,0.00697813749057696,0.0068830751961934,0.00678264169659296,0.00692464686835529,0.0068757089996523,0.00694194677285324,0.00689762564310848
"101",0.0031013615742846,0.00319952696305047,0.00317297728128967,0.00318914832682303,0.00315316212051418,0.0033308981194861,0.00330659240711154,0.00393385027460987,0.00476922516454244,0.00447624524229641,0.00403002983125638,0.00403484763369562,0.00416760416355511,0.00332525917068068,0.00333617948938716,0.00383128581220407,0.00376678054629286,0.00317579301933042,0.00364620960905876,0.00372958538073808,0.00407139088714183,0.00408672999005024,0.00363284187209729,0.00358411482115187,0.00357477084983544,0.00361639702059674
"102",0.00195172031563862,0.00124380121951792,0.00223906033083853,0.00160775396172295,0.00153296358922827,0.00144140851112457,0.00115291676419986,0.00290107209585451,0.00102822748899044,0.00455233898180347,0.00389665720989006,0.00675811851546809,0.0018080797846262,0.00176777867320709,0.00112857947883046,0.00110487734675679,0.00142562705300098,0.0011415851759858,0.00181002835383657,0.00458265544487806,0.00502268295335649,0.00161315922912624,0.00148965391207552,0.00148415687768121,0.00298154398843964,0.00196946527629281
"103",0.00378003273991836,0.00332813052130149,0.00321907519143804,0.00327951788676709,0.00326883126388312,0.00321316484573364,0.0032716704846335,0.00364209932059135,0.00323700686266623,0.0034272961382605,0.0037585382382434,0.00440832853913963,0.00403440519652901,0.00618751080362357,0.00616827366046151,0.00474700111619774,0.00460399568716927,0.00456056171472468,0.00359027721737285,0.00394444252912645,0.00447519923378887,0.00477171151122655,0.00480172855855232,0.00479764687540459,0.00476534001977837,0.00465020366150724
"104",0.00318261890966105,0.00335549243805377,0.00320244604484846,0.00356554888855933,0.00352551423585669,0.00321965546565723,0.00331207152627255,0.00313476184982614,0.00290910435629471,0.00266983400423767,0.00311155557719248,0.00306887507233484,0.00303233294147411,0.00329335330165833,0.00326003228791336,0.00323801619878668,0.00328436170163927,0.00331501508558926,0.00322435674676542,0.00183504052817495,0.00175552922475979,0.00171339389231962,0.00195645332291351,0.00193925526134839,0.00234926043316621,0.00235370481188046
"105",0.0032438327204526,0.00304125190574908,0.00314357527195353,0.00292350226564782,0.00300606411193863,0.00325959547139789,0.00328153460293408,0.00321009626419699,0.00320487384968028,0.00310062717746829,0.00299684567757105,0.00291905036112794,0.00308261443564672,0.00301216201097831,0.00303970968932405,0.00303960944201588,0.00293425847626012,0.00290377164512649,0.00291413090973584,0.00299387839236483,0.00260762173141924,0.00273754635538354,0.00259446942852137,0.00271876192137067,0.00289154849746745,0.00285501315527492
"106",0.00252313536406626,0.00207015892906858,0.00217651264374995,0.00217551863832238,0.00228108448564431,0.00271015830742065,0.002669282845054,0.00301523523894665,0.00301873413730959,0.00276306100825625,0.0027673690374771,0.00277604884251734,0.00273516979626084,0.00309818201527526,0.00289896224227748,0.00316816881932574,0.00313649570131635,0.00300685086381443,0.00231907770788569,0.00266370343000044,0.00279017374340352,0.00317599459166549,0.0027733083353159,0.00320190691897318,0.00320195216146593,0.00303421719360217
"107",0.00431439894692619,0.00454095912586016,0.00509785671272928,0.00649521427128875,0.00411520271372246,0.0056672194191718,0.0054799017042458,0.00528463373370775,0.00670942350416135,0.00675338302564887,0.00612743681013856,0.00677444224243311,0.00704239376780475,0.00798235528251318,0.00580610841120701,0.00370580624526594,0.00336430732158349,0.00446834221077824,0.00597053215935177,0.00526657129846959,0.00493634371131305,0.00561737089525431,0.00547007756702337,0.00544779375383102,0.00540221374407368,0.00534423224283906
"108",0.00628646171268688,0.0070067737063845,0.00667759743054417,0.0050279598273357,0.00391991444098338,0.00355840121521186,0.00357571594527241,0.00364423597144786,0.00628279479689296,0.00634206290446827,0.00636926271374461,0.00669525010495587,0.00635687306163726,0.00488014095288614,0.00633006940671512,0.00640876413578308,0.00636483684265404,0.00555599506355125,0.00645546412271015,0.00668220552727934,0.00659996565463347,0.00671327340644015,0.00656519395682034,0.00668259682256683,0.00668451818710671,0.00635813745787259
"109",NA,NA,NA,NA,0.000859468212970914,0.000917021878456791,0.00096362280684605,0.00136601614527177,0.00083593125437051,NA,NA,NA,NA,NA,NA,NA,NA,NA,NA,NA,NA,NA,NA,NA,NA,NA
"110",0.00502229594338842,0.00493779761567314,0.00497058004618996,0.00515481745570669,0.00362616495493321,0.00364786668470658,0.00370895490842877,0.00513487080452854,0.00531714365077563,0.00605065340538472,0.00605926865956074,0.00607500575615891,0.00595443916684381,0.0067665766051649,0.00659851974018253,0.00660206373119087,0.00645327644111977,0.00669305008149939,0.00684541988689796,0.00690893938967023,0.0072503436172767,0.00697444472375795,0.00669004068965842,0.00663527596146588,0.00663592382140253,0.00695418319999569
"111",0.00313560602013278,0.00319392919891877,0.00313813049801258,0.00324360395706677,0.00324917176183206,0.00319413064466959,0.0032536428088335,0.00336283329259405,0.00320958056100734,0.00303535876842977,0.00329230795406551,0.00327399891671118,0.00313340719773723,0.00312225434215294,0.00320002100139073,0.0032969748654032,0.003327983493058,0.00324663494944342,0.00324941354922719,0.00329047002401082,0.00325827499465031,0.00325788171960516,0.00323232807377241,0.00346605927901802,0.00329530385463657,0.00336616674337037
"112",0.00612554651314131,0.00626134357699337,0.00609612643162043,0.00545182767065378,0.00318606695215011,0.00320508786355616,0.00352753216321286,0.00698558298922189,0.00622219594197877,0.00614311724956162,0.00613699091610025,0.00661478313646468,0.00654243822029336,0.00668519990970372,0.00667225207122538,0.00676600457819287,0.00729194840458754,0.00778781727120243,0.00781114132037605,0.00780989085912046,0.00786224987676014,0.00762216343767092,0.0067406968414374,0.00675919676041736,0.00756394626640288,0.00762411411992103
"113",0.00764713053939817,0.007216047678662,0.00634136042417744,0.00532125668656133,0.00396238301817057,0.00353713893251929,0.00687358648068195,0.00651775321400577,0.00627629347831037,0.00608054568373123,0.00645770184055575,0.00717831782516941,0.00732436131496723,0.00766533654691188,0.00773745327300035,0.00771108733329838,0.00729403554368381,0.00772278993622593,0.00741511112038385,0.00719236574621391,0.00741669284778899,0.00728417596183159,0.00723272014652383,0.00731720351082877,0.00733064397279935,0.00734767137313699
"114",0.00206307616687914,0.00204386602435883,0.00245288685417241,0.0032659883244619,0.00326351553068643,0.00311159477684968,0.00311357732137277,0.00309804662182488,0.00320550668451514,0.00334779288096359,0.00322739095983685,0.00328298576489551,0.00319878298844394,0.00314159174894087,0.0031988267427454,0.00317957677068481,0.00310871101158558,0.00311482066340329,0.00311051804046524,0.00312554270456259,0.00308919536665547,0.00344365634240168,0.00346490839824461,0.00366784941624654,0.00355772420587877,0.00351592646501842
"115",0.0019862290438168,0.00371162893295808,0.00339782057725397,0.00223552810769565,0.00302941528254805,0.00327966891767607,0.0022434591147265,0.00220061566718694,0.00231797556709891,0.00198402410397536,0.00213734458628383,0.00201525659545681,0.00190480365559913,0.00178271393152615,0.00213569370012248,0.00178973854201437,0.00218389504542783,0.00219935823608145,0.00269267007387874,0.00236930229502051,0.00270523670650648,0.00263570943195992,0.00256839685943173,0.00242768390295554,0.00298342042712121,0.00267526889822372
"116",0.00653164379409846,0.00639428171291815,0.00654270667923155,0.00624078854206198,0.00387648202326406,0.00352327396887034,0.00332945982116904,0.00364091324285835,0.00649614963864753,0.00647352564211511,0.00659347410187428,0.0066857110353601,0.00649208128522073,0.00656670285733621,0.00660175552904083,0.00658252965087385,0.00645891384720005,0.00659852555692895,0.00666747617050059,0.00666900940982342,0.00719240822831422,0.00705773930439279,0.00700142259624427,0.00696142055290019,0.00693718520214818,0.00705481733764693
"117",0.00341011746400241,0.00326695530459204,0.00304720485435155,0.00312886432652595,0.00309366845401098,0.00319822286158918,0.00325547491231778,0.0033226878145095,0.00326523812455031,0.00348770659125329,0.00352115290949737,0.00335013875884022,0.00327300837374659,0.00313534064739779,0.00330901540643486,0.00331010438674061,0.00342900219659296,0.0036194219686591,0.00365810610841531,0.00354124865642807,0.00362994737152263,0.00361165381163424,0.00360695643227495,0.00347367940999461,0.00350589663756875,0.00358388757924861
"118",0.0353787979816271,0.0417544507443762,0.0634432150484649,0.0514478974265281,0.0279773336481739,0.0284771101395209,0.0343273365022557,0.0300291832580117,0.058750206252854,0.0454374872527292,0.0462075947089475,0.0594280417559519,0.0298427629025716,0.0303966109556334,0.0425679868289025,0.0536912769465762,0.052720001557157,0.069049536095816,0.0673464314485392,0.122643366421457,0.0503759798787564,0.0636691258856757,0.0649910839558485,0.0587998004223853,0.0581320963313448,0.0591054005644302
"119",0.00285454081095814,0.0031604508504395,0.00337541479439512,0.00349208292200532,0.00340515473810835,0.00346824700068206,0.00346055750688099,0.00336764345152818,0.00336858757406777,0.00332593308496748,0.00334597104136984,0.00345886252041223,0.00328440665903805,0.00334012448472257,0.00329668619303811,0.00331405275207308,0.00333414179464013,0.0034101613766881,0.00339798261630723,0.00335344107511827,0.00343445787661102,0.00343136622975954,0.00341656266816796,0.00341053801210263,0.00330166030804954,0.00321010190989242
"120",0.11032538735451,0.106137314676739,0.0879539651984061,0.0971085140053391,0.0674198842581378,0.0584621927963823,0.0591771264788445,0.0599346328810053,0.0976442352160215,0.104618361154803,0.118201471748286,0.122464936016354,0.107701098195428,0.112786919883499,0.109623397722878,0.109778713418333,0.100187869725006,0.109550781280681,0.111457965223977,0.113131984681138,0.121701497200046,0.126153256876857,0.126458439592869,0.127762617244196,0.131374692173009,0.132753354984469
"121",NA,NA,NA,0.00324280265602706,0.00348863694183351,0.00369591603367812,0.00324192796456653,0.00382563984908066,0.00429569739812522,0.00474993135410207,0.00487332187969709,0.00425078697206357,0.00413838326166891,0.0063206646720672,0.00630056311208897,0.00630911372366581,0.00503064696497565,0.00522519543489722,0.00576937532080446,0.00586243026180039,0.00614996389992885,0.00688378491669804,0.00701107557374565,0.00724456634392075,0.00731194035575485,0.00728470947386952
"122",0.00639133160083754,0.00664797892671417,0.00438427782709144,0.00564572803391144,0.00426760175239422,0.00291957535009034,0.00289196560030471,0.00358459911318348,0.00594393935795782,0.00616179681617013,0.00658099532204168,0.00681944155554326,0.00613963355354301,0.00563405464351196,0.00572802638404688,0.00477853232689535,0.00563869615993623,0.00577566779827979,0.00691699494747251,0.00639501355491923,0.00712710693212265,0.00723969300555516,0.00707765420360245,0.00713778246139692,0.00713162848582576,0.0071480920766733
"123",0.00175685903810662,0.0018686209266813,0.0012836651070733,0.00130268042481149,NA,NA,NA,0.000864837545713004,NA,0.0022200461648099,0.00153617545238026,0.00206814205211054,0.00196757003174989,0.00147499179059654,0.00125623383832895,0.00112332618090869,0.00141228466032511,0.00137872106313876,0.00219557433407708,0.00278023176245934,0.00147097607958228,0.00179799210394489,0.00233180614811893,0.00244829494864044,0.00260175570129296,0.00259137154977633
"124",0.00327094225501842,0.0032524295628622,0.00334896473200142,0.00333386331266958,0.00346800833327377,0.00350874118784563,0.00345568788716282,0.00356522109359999,0.00360382034363752,0.00330110234817988,0.00342595276854277,0.00336593156020918,0.00353875326244626,0.00330239909801791,0.00331260429325447,0.00335685340737482,0.0033332584323792,0.00343322113984247,0.00348450201853693,0.00344808184478462,0.00345756551767475,0.00347697017367438,0.00327874846128952,0.00327571814773064,0.00323100744526267,0.00311373559979785
"125",0.00307115136841976,0.00319235988656747,0.00318593876540435,0.00334044233106811,0.0032973842129833,0.00331357323118575,0.00333439428667394,0.00316991125360944,0.00345251599480737,0.00336073520378889,0.00323419751922836,0.00330311578014162,0.00437199437472887,0.00430003676514806,0.00373116003967784,0.00372659529244261,0.00342737008352551,0.00354016253011171,0.00357684412679332,0.00360963316456872,0.00359045928626886,0.00367751849601125,0.00349290164865338,0.00374408286123738,0.00327598799580467,0.00331126239375827
"126",0.0054117779245777,0.00571728597599228,0.00572310113385682,0.00593782430778298,0.00357440086238673,0.00327903039771827,0.00317296795187065,0.00411470988389418,0.00553571113608365,0.00568423511388901,0.00575228083940266,0.00571542435526622,0.00646409910786389,0.00651694844994476,0.00650125473604335,0.00464607100783314,0.00540216569484975,0.00582088545923502,0.00568745557869145,0.00623527807808702,0.00697990642288525,0.00666020851367531,0.00664003799050774,0.00666869893259013,0.00689258999682707,0.00688538248012812
"127",0.00101898583698472,0.00108770483007259,0.000477623628466347,0.00056507683320291,0.00116574535853612,0.000987518781640602,0.00170486299236369,0.00064368117463638,0.00270815368627495,0.00277133281991129,0.00192679282759806,0.00264893370312726,0.00262270555780267,0.00117138170908475,0.000729400673967391,NA,NA,NA,0.000915073566986901,0.00084903173525875,0.000752405752080803,0.000741605615722373,0.00112584697015086,0.00172705887871876,0.00175440047815137,0.00137250273492869
"128",0.00306209072581042,0.00283991154524699,0.0028475761469436,0.00320295355961747,0.00308053478412838,0.00303009074768176,0.00312348188048647,0.00312459306080918,0.00321894364050189,0.00323838543630666,0.0032613244986225,0.00294762882902241,0.00314399606231356,0.00325088406073706,0.00320222577848646,0.00313418030146279,0.00322611422388614,0.00322752039157652,0.00315864449749166,0.00316229898011484,0.00316397359560323,0.00316714440926439,0.0030419008876715,0.00306753036228038,0.00329476797754455,0.00328435063065481
"129",0.00345227078826439,0.00314542432737134,0.00277754551457085,0.00292206881391891,0.00299328356242031,0.00309633510055269,0.00287893997577748,0.00341531442803405,0.00441210905289932,0.00451974093284265,0.00470504357920207,0.00456978997914337,0.00472113811867881,0.00641246540963521,0.00619300943644663,0.00629206669695846,0.00381571954915319,0.00433853121839527,0.00388416531529303,0.00388431088860645,0.0041436536105317,0.00504142450353677,0.00532471732003236,0.00550957506309486,0.00550210282886632,0.00551373680224302
"130",0.00191716252802982,0.0032395383900895,0.00338387894527768,0.00312145793434961,0.00331331937076862,0.00301266623136316,0.00191175404792276,0.00288930786831606,0.002688450591706,0.00304018197885832,0.00282499389176231,0.00280768120610539,0.00231258020237599,0.00245647902494245,0.00245588181346455,0.0023736161480538,0.00250071005753571,0.00250492827180721,0.00241957291658805,0.0025533434478005,0.0025640741676244,0.0024759293079615,0.00235408395935681,0.00233770909503153,0.00249963063353345,0.00338718957713436
"131",0.00307709235803688,0.00306386948011348,0.00320253890263593,0.00311282640122027,0.00309225397370352,0.00328197055262883,0.00326703312094557,0.00320669052578534,0.00332550536358582,0.00352227705667133,0.00337267807176623,0.0032949603874909,0.00327142141953813,0.00329294093978226,0.00333511706817709,0.00327537228399259,0.00329916873222792,0.00328417839480283,0.00361506958318154,0.00322355399270586,0.00360059439572309,0.00354049765197669,0.00351769132911124,0.00350677330446204,0.00354912585146311,0.00349176502076466
"132",0.00285584229171186,0.00307547584177457,0.00308207067315016,0.00314917310904625,0.00335907760465411,0.00303807460371041,0.0031698565249567,0.00297149350496641,0.002849745146754,0.00313727268146104,0.00295923132382414,0.00294614496935514,0.00298825543014167,0.00324968078833223,0.00332737567199071,0.0032744336046361,0.00365058048916613,0.00329598620840412,0.00335746890523509,0.00333614483460224,0.00327947748356332,0.00519969305628276,0.00514212109284324,0.00505829222495959,0.00515015718432896,0.00512700395644648
"133",0.0055146103062627,0.00553020575469486,0.00544628470586685,0.00616105613973335,0.0038021409458191,0.00372769204918038,0.00337689269646705,0.00430017641260053,0.00654032017113178,0.00623357396973924,0.00635426966382042,0.00658699891631307,0.00637302683519645,0.00678905417245115,0.00671647507936173,0.00684913772836318,0.00685009936773982,0.00617657037913309,0.00668140756030906,0.0063091629845589,0.00676374678144641,0.00675154510421143,0.00669942266769036,0.00671473617795001,0.00671242914233677,0.00668303328136745
"134",0.0644299138195241,0.0659414482739905,0.0614269787577138,0.0628785985335873,0.0631565403203087,0.0592942367575414,0.0616631324548952,0.0672259882795473,0.0952431358950442,0.0948920188170011,0.101485440317051,0.0930310341819346,0.118248694868942,0.0743714106098307,0.0704501859048375,0.0731052820365659,0.0823999464697285,0.0982842399733691,0.0960724309543885,0.100692723193929,0.104478348173948,0.103514273081794,0.103999451794009,0.101025707196852,0.0946751824676048,0.095363917776781
"135",0.00346133335190147,0.0035799718852137,0.00326022326812465,0.00407709626865562,0.00359605493189086,0.00352542461628356,0.00319505176352663,0.00338934528405389,0.00388897130176315,0.00557140152320952,0.00556898619377822,0.00541310845800487,0.00579508906670005,0.00350380666886164,0.00351499874970705,0.00478084804242739,0.00650800122165865,0.00491898964120146,0.00484625578506467,0.00458329346396212,0.00663350109102992,0.00642676486532474,0.00648910743872661,0.00654969631532634,0.00652756072423193,0.00668421736330125
"136",0.00281774463090685,0.00298995289187545,0.0032638995698358,0.00317592431501075,0.00333699523435921,0.00322820464269064,0.00309428538897253,0.00323114688981277,0.00341192962884679,0.00332102376146644,0.00314861339069077,0.00326580858183167,0.00329399751452741,0.00302525261608009,0.00311477856355923,0.00306390995873534,0.0030702517932488,0.00303484974074875,0.00307406148964369,0.00310082793522613,0.0030985578898664,0.00307203073293404,0.00309422568542778,0.00327094541512529,0.00322718334884628,0.0028611192003725
"137",0.00322076676809581,0.00302632613765114,0.00292768658906861,0.00305630048203517,0.00346512321241492,0.00340179544375697,0.00363847165904592,0.0034580687747041,0.00314137785701811,0.00323929404765944,0.00327546237675647,0.00321053869823512,0.00319727642251632,0.00294281809539423,0.00327966549868241,0.00329713662609571,0.00340691783100036,0.00330149513136881,0.00321423059257455,0.00315541400445022,0.00318513439012462,0.00314716649511103,0.00330188688528084,0.00344774651390452,0.00359825942943165,0.00333898598283704
"138",0.00330492656371216,0.00330666576299318,0.00332272074804499,0.00321881134944386,0.00322037506993959,0.00323078433959778,0.00321392140498961,0.00325094904935297,0.00330330086101865,0.00338246237116344,0.00360846879099616,0.00353000594721915,0.00336027741243477,0.00340312165057452,0.00339276661454917,0.00339652047663585,0.00339843460059632,0.00360704603821766,0.00343698691852593,0.00305082674039529,0.00374512279940772,0.0035869530057237,0.00355364758421065,0.00381631548852413,0.003818717153924,0.00317535303736973
"139",0.00314634734278059,0.00325675266521587,0.00298932541283947,0.00356588594941328,0.00344484727076413,0.00340313577813293,0.00336198804628199,0.00331683339102291,0.00333144220060477,0.00339875395692995,0.00342263729589725,0.00327877857533026,0.00338191970165442,0.00337638163929027,0.00328750518549512,0.00329620019242329,0.00334305330438581,0.00337361245594299,0.00315200117114226,0.00311332904886466,0.00314946058342138,0.00317566685001005,0.00317804627124738,0.00328259736586714,0.00327382581834074,0.00326858161765537
"140",0.0032263889857222,0.00324799083768084,0.00320288917609429,0.00328238508692611,0.0032854199925876,0.00333564504828515,0.00322365134394668,0.00330664868202119,0.00326984088624309,0.00319713573049998,0.00340186003694299,0.00325431858680366,0.00330751606891231,0.00335786844871382,0.00332835526155141,0.00334072776368542,0.00332510706097964,0.00327837790894768,0.00319000876764406,0.00320191063357328,0.00314704033608331,0.00322181423896423,0.00314236853566212,0.00319701967153894,0.00321874958922841,0.00323419460516383
"141",0.00321587502179712,0.00318262407007923,0.00320155214243579,0.00336926443548341,0.00331280087981547,0.00323984535007896,0.00325150914392187,0.00318413379689304,0.00328247726775923,0.00349065558619687,0.00357248175447858,0.00386531804715887,0.00393054490466943,0.00378251333958629,0.0038418080599592,0.00349548038254246,0.00403366126750457,0.00384542552271522,0.0041234380938509,0.00467398009077509,0.00478934287653289,0.00479446473836731,0.00530093673999671,0.00519441945720936,0.00519853955883518,0.00528366103022288
"142",0.000827564545830084,0.00102485313785725,0.00141585984993612,0.000677757221668395,0.00184788088469502,0.00136517999494689,0.00160525025448358,0.00254069707429463,0.00132726614159688,0.00132726614159688,0.00126715786143292,0.00287756794516652,0.00135140759304152,0.00287561925053183,0.0028562320116513,0.00275101208436031,0.00282380394704726,0.00278938481572628,0.00258295599081509,0.00262836268348798,0.00261402788482435,0.00259713257024317,0.00272739432209825,0.00281904736334574,0.00130771554550128,0.00109200876644734
"143",0.00642280840038246,0.00632455043326095,0.00624705129892261,0.00670862054954119,0.00451828035175262,0.00401390090330446,0.00416214590618373,0.0042499709797984,0.00655508254087207,0.00650854801823888,0.0067017313168721,0.00669299971669323,0.00697938680330137,0.0074320588135752,0.00800079662272237,0.00795369144757591,0.00731545872114877,0.00683268197671172,0.00691758488875697,0.00783192954022974,0.00725096516880647,0.0075326977642176,0.00676428178128209,0.00671709754511851,0.00687940715766775,0.00660975921869136
"144",0.0032918510603495,0.00323071554782948,0.00321177703585044,0.00330410712283612,0.00330285833909445,0.00332087505477295,0.00333170445357663,0.00330839335873641,0.003324160747566,0.00335230071496757,0.00334751352392774,0.00335623899677447,0.00336003829184658,0.0032575923212878,0.00329806589238195,0.00323915186361606,0.00334105598814395,0.00335072021010313,0.00317473670005413,0.00325034665353195,0.00323241765259932,0.00323994854208034,0.00321023393556199,0.00325427312923737,0.00326571078844025,0.00327528339636562
"145",0.00357254582565028,0.00348883178545388,0.0034534166556685,0.00360664347252471,0.00364516973050534,0.00312720434431253,0.00327164475588343,0.00323583266173733,0.00482414295502988,0.00483508521839677,0.00483087337597611,0.00477439081822591,0.00420624773270046,0.00481796697087035,0.00541957445361872,0.00450394144516181,0.00510200150395129,0.00533126155793997,0.00539355118582229,0.00573414821669518,0.00538219982971062,0.00636628498623724,0.00673847941150895,0.00676163887380265,0.0061814946969665,0.00649082606247621
"146",0.124849612499788,0.120457800928248,0.114119375533712,0.081068111130529,0.106153648539472,0.0826060647554217,0.082118588556238,0.0810205568187516,0.123426327100078,0.110387693967358,0.107021409174804,0.104777860373749,0.102513584994797,0.105144221780535,0.109615782099752,0.110830323564426,0.110005475956119,0.106951291829615,0.111728855245131,0.104438442140069,0.118325961531875,0.121623702508898,0.121589779427663,0.115876361978387,0.113147812545728,0.108041102535965
"147",0.00352311193820057,0.00336724490128646,0.00325889335132805,0.00329986011964107,0.00322265705815594,0.00349681214178636,0.00328774225109446,0.00335432417559765,0.00328940002790497,0.00340072289190016,0.00346442437283673,0.00332285677025416,0.00344277069468972,0.00301817533809047,0.00305437086714011,0.00312811658725669,0.00316698456174105,0.00317739688154429,0.00323467987259816,0.00325607307106477,0.00348080710519644,0.00346554925155555,0.003477638153184,0.00338128957014817,0.00324193281915953,0.00322869677584997
"148",0.00625824891087151,0.00623893382102431,0.00561941551284278,0.00292160134756929,0.00298063415567313,0.0031694789262844,0.00326645191401526,0.00328895302656438,0.00650792822386256,0.00642725171229989,0.00641158249311283,0.00642982573901272,0.0062643419439218,0.00644833007318093,0.00626392317711547,0.00642333758597284,0.00609392408711094,0.00611018633864647,0.00565788273265119,0.00580177859423762,0.00675790155213069,0.00669745355780415,0.00655559765391717,0.0067799998253087,0.00657621675891906,0.00672935252201431
"149",0.0644957053804203,0.0659143746483487,0.0637472105338025,0.063270458649889,0.0633837965710028,0.0595117159599751,0.0568607492645265,0.0507823360101777,0.0627506492782928,0.0652637765313445,0.0643338658908347,0.0649773808919115,0.0649572864661376,0.0631084100173484,0.0574852608872072,0.065591059920025,0.0657257807565523,0.0642107671423089,0.0630034976265976,0.0633632382875583,0.0605485819298154,0.058841235428866,0.0564716978914997,0.0559289390674316,0.0573841147400831,0.0582554263953772
"150",0.0632872924534637,0.0639435830365279,0.063799111619533,0.0634038938968652,0.0641568915880535,0.0622878317501972,0.0628496477092495,0.0634903217182381,0.0608335083588579,0.0682381770642146,0.0682495769649965,0.069243343271226,0.0646837981280887,0.0632796081442263,0.0635555076586594,0.0725524268473158,0.0690566539273386,0.0778571084769748,0.0689677175977994,0.0820415682376058,0.0838688805331947,0.0808492360521661,0.0844717002408377,0.0836890740547269,0.0787633711141963,0.0852077645403822
"151",0.00601475074034442,0.00639397390297143,0.00485067255538388,0.00448849221278969,0.00273538412776392,0.00327816209742998,0.00366183612241086,0.003684540643743,0.00416300385971653,0.00495273550373702,0.0064283414809432,0.00644960406205305,0.00475133713910328,0.00662715771833636,0.00659584219216207,0.00661552272677864,0.00705242615688198,0.00721364383735336,0.00565777994198678,0.00599831825002375,0.00720142038652648,0.00690640826769903,0.00668109076775568,0.00665902441388555,0.00704546004635567,0.00718229441168249
"152",0.00539078705189902,0.00562902411807904,0.00537375102734832,0.00725496518743186,0.00354295245287746,0.0032270832883866,0.00364143746807252,0.00384941299156608,0.00362817633852961,0.00361617205375585,0.0048647584426144,0.00372333959754355,0.00346833460016457,0.00353512613453176,0.0040769006538044,0.00314923940041365,0.00420195229515055,0.00425253010659194,0.00396884872299194,0.00375924334012143,0.00478347015646726,0.00439484111479468,0.00414351452993179,0.00410565182476604,0.0038762488824368,0.00314943000790138
"153",0.0054471849548858,0.00395712538491211,0.00529550447347936,0.00307935371310459,0.00310203898547861,0.00312206218515268,0.00317192613839516,0.00321211847337355,0.00313451404993413,0.00320996712915124,0.00340767057743624,0.00343682669390817,0.00361304140533015,0.00357121312405008,0.00353786432376249,0.00364919509491105,0.00355291680945804,0.00356695277644478,0.00450531280978039,0.00434874283019224,0.00425015727561166,0.00414565406202331,0.00419113698335967,0.00389462442595523,0.00403634380565775,0.00419413343410534
"154",0.00290741605814932,0.00309006320813511,0.00302998894146431,0.00321993470850508,0.00319609759309143,0.00317004411859631,0.00332731671112614,0.0036279750190156,0.00318514140033218,0.00315129683302266,0.00304394129258414,0.00279593224331339,0.00304848474946411,0.00327602665531352,0.00323676035537779,0.00326356835172753,0.00323504638330364,0.0031733381192468,0.00314522788104692,0.00320198845512339,0.00326236885811316,0.00327761541794137,0.00329913294607902,0.00330062621760472,0.0032311673967128,0.00333064776720329
"155",0.00335272481875507,0.00320204480892004,0.00297823996254531,0.00301086341253727,0.00308925336973991,0.00304642927300724,0.00317622748062312,0.00342028910393942,0.00342742872536406,0.00319648350640185,0.00315851796055247,0.00480896218837715,0.00498015610146123,0.00445118571044952,0.00630746006978042,0.00663409957232142,0.0052360148029169,0.00497944163684854,0.00491082626444392,0.0050599885667656,0.00563282131392908,0.00589295397490173,0.00506817982163659,0.00552889992413006,0.00470629018979302,0.00447437048780144
"156",0.0603883393861789,0.0615793057461955,0.0561351273462856,0.0606423158775288,0.0579492779793863,0.0629554581666745,0.0638906086756317,0.0571824003677816,0.0571472724958146,0.0637061100537737,0.0600011537913415,0.061723383124332,0.0627959507678566,0.0621004013465963,0.0617126076293623,0.0619417315763728,0.0616021671415537,0.0608184992846871,0.0595608076589264,0.0618723192490861,0.0617137596807523,0.0638911648676202,0.0583357282903034,0.0660326245556896,0.0559774662004847,0.0556320531959196
"157",0.00341803259571289,0.00347816528435242,0.00343155824455025,0.00330436435020906,0.00335773203902907,0.00334847476207756,0.00336536391858945,0.00327377913203784,0.00382652993358592,0.00376801699506849,0.00367470124528448,0.00358853408694696,0.00366081752013807,0.00356835537403402,0.00352043911502013,0.00361576551584923,0.00325203081637957,0.00350064761478303,0.00356892437377987,0.00373699877078647,0.00398783516178811,0.00505085036393574,0.00500621936138061,0.00487207731597734,0.00468383955570338,0.00480156154215792
"158",0.100847000381846,0.0982695303846206,0.0980129607441934,0.118828856537297,0.11099260712322,0.0917689634698695,0.0867349015788607,0.0840747154294974,0.0963000972508273,0.0991086393143118,0.10251669331594,0.126101684907896,0.12457767790097,0.127477607769308,0.127297764941894,0.110696645151109,0.0932015299886068,0.103729092781555,0.106459189776071,0.106736357444199,0.113694058932676,0.120320826397985,0.117434421427749,0.128507069534797,0.130054806814567,0.127083159841504
"159",0.0613863344794902,0.0609511027822171,0.061515287321365,0.0603615984151868,0.0598681901645714,0.0602160142086561,0.0606149291211787,0.0610147685305526,0.0731425866414211,0.0610178430112164,0.0611809262427958,0.060704718785482,0.0658644383543611,0.0616052001124397,0.0626998535423386,0.0609788080840978,0.0652938677904012,0.0617278713230386,0.070423088877945,0.069948469118721,0.0729995315482887,0.0698306925750784,0.0686199194875671,0.0691158283332252,0.0686508125231858,0.063057757651625
"160",NA,NA,NA,NA,0.00283099083343308,0.00298743673406707,0.00290518373069395,0.00302274707088126,0.00306594321294225,0.00336361819404507,0.00341191155183274,0.00340818405313192,0.00349034537678963,0.00297216149027515,0.00263066000980063,0.00378101472403442,0.003883985651898,0.00408139403729162,0.0039770398506394,0.00402966815969574,0.00398480192202404,0.00586330470738661,0.00588458666929474,0.00585262900701975,0.00573606470333748,0.00584462905813752
"161",0.00355643857659131,0.00359300194252877,0.00320042202077385,0.00329256377768939,0.00332922569025175,0.00334370863694496,0.00334263844288908,0.0032771151410082,0.00319353088115623,0.00409134524227664,0.00322149458454764,0.00326205789289942,0.00343703586154589,0.00338034192710043,0.00328131148902359,0.00331682999205487,0.00336788550897072,0.00331460247244991,0.00389303527799258,0.00381982672045988,0.00318784148852632,0.00314262627434996,0.0034160070543993,0.00344136539099224,0.00322355760213603,0.00325742070503579
"162",0.0023546070398964,0.00240547154033317,0.00202524515399083,0.00183863330630393,0.0018077569680652,0.00197923043681215,0.00216676439714107,0.00203702574705183,0.00293460059148079,0.00313853383699496,0.00318590149260989,0.00247223009465118,0.00249052810913035,0.00172595823140158,0.00202923247535561,0.00249983994470977,0.00254091678507024,0.00257452570293588,0.00205035178535757,0.0022379268038594,0.00251688719074303,0.00258244951801808,0.00276424769588368,0.00194812189167004,0.00194812189167004,0.00200656228985383
"163",0.00196152445970118,0.00208539798802904,0.00198212369555887,0.00200073658765373,0.00198624819847081,0.00201386042940067,0.00192821056974438,0.00170162515060287,0.00170918697708296,0.00171963182026234,0.00160436705360062,0.00169983142661067,0.00170525456996416,0.00174276737066073,0.00167142483346087,0.00175233127364164,0.00191339082247389,0.001999793938092,0.00201134522681504,0.00172781976620289,0.00165925013620281,0.00167743372035849,0.00170960136952444,0.00174268072245637,0.00172459224244565,0.00173232818201648
"164",NA,NA,NA,NA,NA,NA,NA,NA,NA,NA,NA,NA,NA,NA,NA,0.0009569223477514,0.000915392629072011,0.000875660871712074,0.002097885212133,0.00295117594029393,0.00287615565329748,0.00104466414071275,0.00295025079787893,0.00312150296824334,0.00249053335255262,0.00258801509861792
"165",0.00328446781855793,0.00324402200980162,0.00319075043312474,0.00350063300505004,0.0033950791491882,0.00343156167126883,0.00323071296118373,0.00324390012143697,0.00337555104983126,0.00329058477901411,0.00332323449875945,0.00323616787318731,0.00320404185165841,0.00320816858413254,0.00303220804565434,0.00322731383555547,0.00328633846943939,0.0032912914026513,0.00332382260661794,0.00325757181593684,0.0033361715601956,0.00355005916097125,0.00417336020047154,0.00417912512437209,0.00414916986244525,0.00416114688856
"166",0.00173422866499559,0.00322687233649407,0.00307324443754009,0.00300788381663596,0.00302157223325031,0.00294936649134812,0.00297233620988646,0.0021797415767855,0.00258364894509619,0.00242651917216326,0.00278615273578134,0.00300623167383649,0.00314374051516167,0.00312156150141434,0.0030792769278497,0.00310213874161582,0.00292871305444146,0.00300120343721349,0.00297568599116222,0.00306038101897485,0.00309732753881123,0.00311651076178254,0.00317839091774342,0.00308123002391377,0.00307215776190154,0.00327845535664948
"167",NA,NA,NA,NA,NA,NA,NA,NA,NA,NA,NA,NA,NA,NA,NA,NA,NA,NA,NA,NA,NA,0.0755326743085242,0.06189193471041,0.06189193471041,0.0409916101409423,0.0413615011785232
"168",0.0035167852423768,0.00310176195984632,0.00318139561244897,0.0032112585902273,0.00317737670425542,0.00419800778081141,0.00433315668847055,0.00395169813453548,0.00733538811270753,0.00699353967094726,0.00392345738881975,0.00471383294638388,0.00551392223547703,0.00501963021448114,0.00509326244111707,0.00515963087263315,0.00452760517312988,0.00334769763340825,0.00332062510719933,0.00325542384604123,0.00364147877562983,0.00521854567049369,0.00423843281605134,0.00417557105037301,0.00511511620511018,0.00508693413306498
"169",0.00563389083856309,0.00563874405577107,0.00455162378905261,0.00504702916368169,0.0033315083699063,0.00329450681523049,0.00324812865843767,0.00324124056008451,0.00650699512489846,0.00621767091408557,0.00651569650359143,0.00658994910939756,0.00606334466102283,0.00491226216353859,0.00613752984593013,0.0064451484158126,0.00645953726791619,0.00645905748092066,0.00498298904047288,0.00558731209088581,0.00533772837121606,0.0068935629257447,0.00680155247478279,0.00613514925120414,0.00613492134581561,0.00588029873900146
"170",0.000885690857382186,0.00126444061274151,0.000442240760123757,0.000559751565607644,0.000568374210316339,0.00170256708966351,0.0016940736012776,0.00174890630591366,0.00182596434758811,0.00149924229871315,0.00191443066988977,0.00191443066988977,0.00206260386625897,0.0011609102082216,0.00119466102359891,0.00111131607508002,0.00131818206947244,0.0025441855506968,0.00266335676263633,0.00231144785572523,0.00192875372545723,0.00196670712332169,0.00170719960173955,0.00142124842035535,0.00161855351528381,0.00170883766481068
"171",0.00228913931864422,0.00360012105370081,0.003314182137166,0.00298066698580366,0.00298390741569966,0.00267549424823973,0.00309155222400235,0.00339988083745543,0.00290394269506694,0.00336334511933324,0.00338390169280299,0.00330899887083801,0.00318356319969294,0.0032906116539542,0.00328514149201084,0.00332099002853723,0.00335478862519333,0.00328344598341534,0.00314182735470736,0.00307376448838985,0.00308474039616898,0.0028199880150807,0.00321891939444917,0.00333808502214128,0.00350527226356476,0.00328759991000966
"172",0.0450260321595905,0.0474429495603852,0.0421821915900398,0.0438518760066336,0.0425507047816748,0.0495220759092561,0.0548312627460152,0.0579030454863332,0.0557655184568352,0.0561929055676472,0.0488636472821054,0.0475970656857514,0.0724160491291313,0.0729309858615295,0.0706108775744521,0.0708028042088313,0.0711535097237578,0.0697883682350709,0.0706328633015835,0.0733522957008443,0.119801079740215,0.126360319828301,0.124760107885336,0.124705951001663,0.124751644921308,0.11932539026638
"173",0.122381910165127,0.105515472897687,0.103374303825915,0.0552475353047392,0.0549633672114304,0.054383699326588,0.0539967695295139,0.0570998956034797,0.0779464375953335,0.104677181048999,0.108569715158795,0.106771820868162,0.10772582631014,0.128303908489121,0.129287128804,0.128761052400657,0.130242972213486,0.129735088359121,0.129043900491352,0.114338060805416,0.133426200374544,0.132478108608528,0.13263111217185,0.132623955613786,0.132472676162692,0.131584202964462
"174",NA,NA,NA,NA,NA,NA,NA,0.00374948466854267,0.00374948466854267,0.00374948466854267,NA,0.0125137093783396,NA,0.0125137093783396,0.0125137093783396,0.0125137093783396,0.0125137093783396,0.0125137093783396,0.0125137093783396,0.0125137093783396,0.00426992980555374,0.00426992980555374,0.00426992980555374,0.00426992980555374,0.0141447577556107,0.00426992980555374
"175",0.108847527739763,0.130171439116888,0.118369691809034,0.0954756036313167,0.0907254617825303,0.0864137194989769,0.0820524722829891,0.0844788632399893,0.114839077030082,0.11227149956219,0.11198592317149,0.110409669472968,0.107997687267166,0.0743547795111863,0.0789318338879619,0.107582800074832,0.0940897619449528,0.0902682731911644,0.0996441868811251,0.101820202074158,0.0982756181059915,0.129576606797101,0.130174248827689,0.131137041870342,0.130639955366709,0.127817032669954
"176",0.00234522011055102,0.00166927582304408,0.00231814151104891,0.00321919647217919,0.00320958987785145,0.00324972495815325,0.00351531536193447,0.00312935816659093,0.00333880096099642,0.00329233429046359,0.00334685544942383,0.00335143888113979,0.00344645980715577,0.00338126433963315,0.00318556538597687,0.00328820293128353,0.00308061398813088,0.00305408591220905,0.00314648603005955,0.00312872053919085,0.00309317818086897,0.0031763871381176,0.00315111975192341,0.00317056535702145,0.00316985980469897,0.0031673895982549
"177",0.102235932413525,0.113257694841066,0.110934623681999,0.121942226633195,0.0746312799857792,0.0655460026019996,0.0639821916093925,0.0745323849103098,0.0858380046537879,0.0964212600367948,0.0954772870574435,0.100508774076614,0.099157388058841,0.110578083614307,0.106879513962383,0.10559448677053,0.109789415244622,0.113281761267573,0.113370107441757,0.112982966476208,0.119304139169616,0.134618042551366,0.133472092634423,0.135095294403465,0.136318639576779,0.127380250978665
"178",0.101634979117907,0.0980323084550906,0.10065575266218,0.109121752495629,0.0618371396258126,0.0625195154779608,0.0621083914385246,0.0682498016188455,0.147626913577858,0.10606498585946,0.114681219086147,0.146645367751934,0.104357957759707,0.146072347846742,0.145325167967848,0.138225947634543,0.143452726657803,0.133075904758909,0.108582536764128,0.102649469633698,0.0990187277987275,0.0997021418772925,0.0845984229281031,0.0826842001080634,0.0870668030140694,0.089509266715156
"179",NA,NA,NA,NA,NA,NA,NA,NA,NA,NA,NA,NA,NA,NA,0.00332437568417807,0.00303203028873481,0.0045954440658354,0.00335342086856136,0.00324669006650701,0.00558334079983414,0.00448307326391993,0.0092755140841137,0.00862665784127648,0.00831916346451899,0.00847975882814527,0.00875411845144618
"180",0.0650568613105404,0.0632664165475956,0.063753943531734,0.0646280062260475,0.0611898933283484,0.06152086255154,0.0597050002459232,0.0592831082816595,0.0653607655767655,0.0653238249031344,0.0644888101068622,0.0652061457659168,0.064551388858371,0.0654121860523921,0.0636994597333854,0.0636647322298654,0.06362042853223,0.0710675229046575,0.0698336429514213,0.0714156933913444,0.0704612341837035,0.0625011733401497,0.0629415022635118,0.0635899356305993,0.0656453024862843,0.0660854544009563
"181",0.0589704835587037,0.0536922079995136,0.0563603199814118,NA,0.0146089301950688,0.0176612631759487,0.0304118397961912,0.0465775569201286,0.0550174328629478,0.0586612300394265,0.0412573464334984,0.0414108223659206,0.0359233310124071,0.033958322616686,0.0457759515245291,0.0565059336245794,0.0526023566375271,0.0596364571434797,0.0620577080313855,0.0645385703137882,0.0611892737770035,0.0611892737770035,0.0567356140783067,0.0580369371446107,0.0805386008445831,0.0788377799842653
"182",NA,NA,NA,NA,NA,NA,NA,NA,NA,NA,0.00102317737962011,0.00134440932468416,0.00137574041893042,0.00103093433757797,0.00122592360698256,0.00107790343396864,NA,NA,NA,0.0016127513333361,0.00167413597775328,0.00175822983026215,0.00274743877331569,0.00280843809120565,0.00278496344833529,0.00271275417325683
"183",0.00268175593521819,0.00106138740682514,0.00197760747947777,0.00189880242417409,0.00112793718116761,0.00152438623183686,0.0016073162325114,0.0016399914892674,0.00175391910100134,0.00221217991346331,0.00202000384340345,0.00227537952747614,0.00230542757334463,0.00213685717345566,0.00180067201629741,0.00190188848115,0.00218598499672059,0.00192588450367702,0.0017322162111285,0.00186917605753495,0.00133862477690404,0.0031172620337705,0.00345714427191429,0.00338959175217312,0.00343946006760432,0.00328274310279271
"184",0.00312717292228961,0.00330438723850024,0.0032538774085877,0.00354472982715559,0.00321403277625976,0.00335576199825924,0.00349888722155213,0.00318948062120989,0.00326393232752593,0.00319699413273528,0.00307780406151214,0.00319947564315054,0.00286608950152094,0.00283648003162331,0.00278627408422498,0.00285640975572864,0.00278840027380775,0.00285328609908183,0.00257448483957996,0.00262350275169766,0.00288782960160842,0.00282786747840033,0.00280809205541118,0.00274386535183908,0.00282047836205606,0.00279490045998776
"185",0.0699264362343787,0.0591854587930154,0.0599021106315832,0.0596883421154824,0.0608130115447711,0.0619673257546872,0.0620658592126382,0.0623946054263061,0.0650079666407954,0.0650507989350666,0.0636165934808456,0.0742169428331327,0.0729551740948556,0.063094626335769,0.0633323189485233,0.0655782987435323,0.0645482635093678,0.070798093048751,0.0678749236930114,0.0767341313706844,0.0827879042769203,0.0745529766361221,0.0872835407201197,0.0896827769508606,0.0816178781998202,0.0763738843427346
"186",0.0722147873090865,0.0676676137926052,0.063912556772676,0.0704656660228157,0.0684241912006208,0.0739295249305511,0.0743793376843063,0.079835504986729,0.0738107697998872,0.0797455682450687,0.0748175383723354,0.0961608595502612,0.0983963824022311,0.0990819475281823,0.0961153334655976,0.0945080488532887,0.084711432074143,0.100624742590381,0.108677051252507,0.114606218359958,0.114362003464656,0.119931146063889,0.119965969134617,0.130711377511455,0.122590509854266,0.122395270568275
"187",0.00312128845436336,0.00317521290590784,0.00315172484715909,0.00323014517291327,0.00330705197229555,0.0033065298796705,0.0032396429712561,0.00347738542758195,0.00411610592984916,0.0042607669181341,0.00418915075901391,0.00414360115114051,0.00406742768220575,0.0036366609140518,0.00321321618215224,0.00321523608990574,0.00335470522718088,0.00445822307252891,0.00451223408337016,0.00531721374311884,0.00558187750528398,0.00573664610842011,0.00540302268770561,0.00505579897623609,0.00486331477497288,0.0046227761916353
"188",0.00312695626193137,0.00311873130555974,0.00311784714461241,0.00318787218168885,0.00318041160858945,0.00321991149137064,0.00322998871338521,0.00331225152831507,0.0043382834406482,0.00375584333579755,0.00439079084331756,0.00438528020802202,0.00534122596343791,0.00344730298129399,0.00335154939093237,0.00342527899349523,0.00338558084069581,0.004886040348242,0.00334124261320709,0.00335000743474419,0.00426919881697341,0.00338542366791697,0.00487965614159921,0.00388115181613568,0.00317491223514629,0.00317147107157214
"189",0.00560252207811418,0.00578373054476718,0.00541547350255216,0.0060795453787528,0.00358343319793607,0.00340928536874933,0.00334454104792445,0.00431998767487509,0.0065434209489742,0.00648155110724663,0.00650506618091066,0.00651903964311399,0.00620868599056946,0.00665410211563112,0.00661509852440371,0.00754624878417659,0.00758308467848229,0.00598363788803957,0.00586883450924486,0.00617198366468747,0.00677987477271612,0.00698409445867857,0.00700374865932158,0.00702678761941646,0.0070102515728883,0.00694847674780752
"190",0.00802540860558786,0.00749904250419998,0.00684447196638776,0.00551662372897609,0.0035522010831852,0.00486018607399247,0.00573612530086015,0.00794135799485601,0.00713743204551103,0.00784545726009278,0.00797746115066695,0.00801179407651604,0.00810672702771546,0.00803419105796914,0.00783167368789347,0.00792133724098572,0.00794185631791358,0.00791352161586762,0.00784372367113919,0.0078828380236448,0.00794586291730125,0.0079396444831112,0.00800734569206905,0.00797259311736656,0.00795191488356496,0.00794860995748192
